2026-08-09T14:00:00 DEBUG worker Queue depth=31
2026-08-09T14:00:01 DEBUG worker Queue depth=147
2026-08-09T14:00:04 DEBUG worker Queue depth=130
2026-08-09T14:00:09 INFO api Request completed status=200 latency=648ms
2026-08-09T14:00:04 ERROR worker Unable to publish message to queue
2026-08-09T14:00:10 ERROR api Database query timeout duration=5016ms
2026-08-09T14:00:18 DEBUG api Cache lookup completed key=user:42966
2026-08-09T14:00:14 INFO worker Job completed job_id=job-7166 duration=1101ms
2026-08-09T14:00:24 ERROR api Timeout connecting to Redis
2026-08-09T14:00:27 INFO worker Job completed job_id=job-8494 duration=338ms
2026-08-09T14:00:30 DEBUG worker Queue depth=84
2026-08-09T14:00:11 INFO worker Job completed job_id=job-6956 duration=994ms
2026-08-09T14:00:24 ERROR api Database query timeout duration=5542ms
2026-08-09T14:00:26 DEBUG api Cache lookup completed key=user:76369
2026-08-09T14:00:42 DEBUG api Cache lookup completed key=user:78767
2026-08-09T14:00:30 DEBUG worker Queue depth=127
2026-08-09T14:00:48 INFO api Request completed status=200 latency=609ms
2026-08-09T14:00:17 WARNING worker Queue depth above threshold depth=17
2026-08-09T14:00:54 WARNING api High latency detected latency=125ms
2026-08-09T14:00:57 DEBUG api Cache lookup completed key=user:28666
2026-08-09T14:00:40 WARNING worker Queue depth above threshold depth=36
2026-08-09T14:01:03 WARNING api High latency detected latency=500ms
2026-08-09T14:01:06 DEBUG worker Queue depth=69
2026-08-09T14:01:09 INFO worker Job completed job_id=job-9980 duration=1374ms
2026-08-09T14:01:12 WARNING worker Queue depth above threshold depth=107
2026-08-09T14:00:50 ERROR worker Unable to publish message to queue
2026-08-09T14:00:26 ERROR api Authentication service unavailable
2026-08-09T14:01:21 WARNING worker Queue depth above threshold depth=138
2026-08-09T14:00:56 INFO api Request completed status=201 latency=286ms
2026-08-09T14:01:27 DEBUG worker Queue depth=132
2026-08-09T14:01:00 INFO api Request completed status=200 latency=871ms
2026-08-09T14:01:02 WARNING worker Queue depth above threshold depth=30
2026-08-09T14:01:04 WARNING worker Queue depth above threshold depth=136
2026-08-09T14:01:06 INFO api Request completed status=201 latency=455ms
2026-08-09T14:01:42 INFO api Request completed status=200 latency=684ms
2026-08-09T14:01:10 INFO worker Job completed job_id=job-2583 duration=448ms
2026-08-09T14:01:48 INFO api Request completed status=201 latency=480ms
2026-08-09T14:00:37 ERROR api Upstream service returned status=503
2026-08-09T14:01:54 INFO api Request completed status=200 latency=644ms
2026-08-09T14:00:39 ERROR api Authentication service unavailable
2026-08-09T14:02:00 WARNING api High latency detected latency=795ms
MALFORMED LOG ENTRY
2026-08-09T14:01:24 ERROR api Timeout connecting to Redis
2026-08-09T14:02:09 WARNING worker Queue depth above threshold depth=130
2026-08-09T14:02:12 INFO api Request completed status=201 latency=578ms
2026-08-09T14:00:45 INFO api Request completed status=201 latency=632ms
2026-08-09T14:02:18 INFO api Request completed status=200 latency=447ms
2026-08-09T14:02:21 ERROR api Database connection failed
2026-08-09T14:02:24 DEBUG api Cache lookup completed key=user:61171
2026-08-09T14:00:49 INFO api Request completed status=201 latency=405ms
2026-08-09T14:00:50 DEBUG api Cache lookup completed key=user:19625
2026-08-09T14:00:51 WARNING api High latency detected latency=381ms
2026-08-09T14:00:52 ERROR worker Failed to process job job_id=job-5975
2026-08-09T14:01:46 INFO api Request completed status=200 latency=529ms
2026-08-09T14:01:48 WARNING worker Queue depth above threshold depth=48
2026-08-09T14:00:55 INFO api Request completed status=201 latency=464ms
2026-08-09T14:02:48 DEBUG worker Queue depth=64
2026-08-09T14:02:51 DEBUG worker Queue depth=107
2026-08-09T14:00:58 ERROR worker Job exceeded maximum retry count job_id=job-1741
2026-08-09T14:02:57 WARNING worker Queue depth above threshold depth=17
2026-08-09T14:02:00 WARNING api High latency detected latency=213ms
2026-08-09T14:02:02 INFO api Request completed status=200 latency=152ms
2026-08-09T14:03:06 WARNING worker Queue depth above threshold depth=137
2026-08-09T14:01:03 ERROR worker Unable to publish message to queue
2026-08-09T14:02:08 ERROR worker Failed to process job job_id=job-2288
2026-08-09T14:02:10 INFO worker Job completed job_id=job-3862 duration=589ms
2026-08-09T14:02:12 WARNING worker Queue depth above threshold depth=111
2026-08-09T14:02:14 INFO worker Job completed job_id=job-9508 duration=1037ms
2026-08-09T14:02:16 ERROR worker Unable to publish message to queue
2026-08-09T14:02:18 WARNING worker Queue depth above threshold depth=59
2026-08-09T14:01:10 ERROR api Database connection failed
2026-08-09T14:02:22 DEBUG api Cache lookup completed key=user:81442
2026-08-09T14:03:36 ERROR api Database connection failed
2026-08-09T14:01:13 WARNING api High latency detected latency=606ms
2026-08-09T14:03:42 ERROR api Authentication service unavailable
2026-08-09T14:02:30 DEBUG worker Queue depth=59
2026-08-09T14:03:48 ERROR api Timeout connecting to Redis
2026-08-09T14:03:51 ERROR worker Unable to publish message to queue
2026-08-09T14:01:18 INFO api Request completed status=201 latency=128ms
2026-08-09T14:03:57 ERROR api Upstream service returned status=503
2026-08-09T14:01:20 INFO api Request completed status=200 latency=538ms
2026-08-09T14:02:42 ERROR worker Unable to publish message to queue
2026-08-09T14:02:44 INFO api Request completed status=201 latency=287ms
2026-08-09T14:02:46 ERROR api Upstream service returned status=503
2026-08-09T14:02:48 INFO api Request completed status=200 latency=78ms
2026-08-09T14:01:25 ERROR api Timeout connecting to Redis
2026-08-09T14:01:26 DEBUG worker Queue depth=94
2026-08-09T14:02:54 DEBUG worker Queue depth=14
2026-08-09T14:02:56 INFO api Request completed status=201 latency=628ms
2026-08-09T14:02:58 WARNING api High latency detected latency=142ms
2026-08-09T14:04:30 DEBUG worker Queue depth=69
2026-08-09T14:03:02 ERROR worker Unable to publish message to queue
2026-08-09T14:01:32 DEBUG api Cache lookup completed key=user:13101
2026-08-09T14:03:06 INFO worker Job completed job_id=job-3004 duration=658ms
2026-08-09T14:03:08 INFO api Request completed status=200 latency=575ms
2026-08-09T14:03:10 ERROR api Database connection failed
2026-08-09T14:01:36 ERROR api Database connection failed
2026-08-09T14:01:37 ERROR api Upstream service returned status=503
2026-08-09T14:04:54 INFO worker Job completed job_id=job-1471 duration=919ms
2026-08-09T14:04:57 ERROR api Upstream service returned status=503
2026-08-09T14:03:20 ERROR api Upstream service returned status=503
2026-08-09T14:01:41 INFO api Request completed status=201 latency=575ms
2026-08-09T14:01:42 DEBUG worker Queue depth=147
2026-08-09T14:03:26 WARNING worker Queue depth above threshold depth=42
2026-08-09T14:01:44 ERROR api Timeout connecting to Redis
2026-08-09T14:03:30 INFO worker Job completed job_id=job-3271 duration=1333ms
2026-08-09T14:05:18 ERROR api Database connection failed
2026-08-09T14:01:47 WARNING worker Queue depth above threshold depth=136
2026-08-09T14:03:36 DEBUG worker Queue depth=86
2026-08-09T14:01:49 INFO api Request completed status=200 latency=662ms
2026-08-09T14:01:50 INFO api Request completed status=201 latency=715ms
2026-08-09T14:05:33 WARNING api High latency detected latency=428ms
2026-08-09T14:05:36 WARNING worker Queue depth above threshold depth=64
2026-08-09T14:05:39 INFO worker Job completed job_id=job-4292 duration=817ms
2026-08-09T14:03:48 DEBUG api Cache lookup completed key=user:81931
2026-08-09T14:03:50 WARNING api High latency detected latency=614ms
2026-08-09T14:03:52 ERROR api Authentication service unavailable
2026-08-09T14:01:57 INFO api Request completed status=200 latency=382ms
2026-08-09T14:05:54 WARNING worker Queue depth above threshold depth=14
2026-08-09T14:05:57 ERROR api Timeout connecting to Redis
2026-08-09T14:06:00 INFO api Request completed status=201 latency=751ms
2026-08-09T14:06:03 ERROR api Database query timeout duration=5369ms
2026-08-09T14:02:02 WARNING api High latency detected latency=616ms
2026-08-09T14:04:06 DEBUG api Cache lookup completed key=user:59883
2026-08-09T14:06:12 DEBUG worker Queue depth=45
2026-08-09T14:06:15 ERROR api Database connection failed
2026-08-09T14:04:12 INFO worker Job completed job_id=job-6085 duration=135ms
2026-08-09T14:06:21 WARNING worker Queue depth above threshold depth=53
2026-08-09T14:02:08 INFO worker Job completed job_id=job-9866 duration=634ms
2026-08-09T14:04:18 ERROR api Upstream service returned status=503
2026-08-09T14:06:30 WARNING worker Queue depth above threshold depth=127
2026-08-09T14:04:22 WARNING worker Queue depth above threshold depth=142
2026-08-09T14:02:12 INFO api Request completed status=200 latency=203ms
2026-08-09T14:04:26 INFO api Request completed status=201 latency=49ms
2026-08-09T14:02:14 WARNING api High latency detected latency=678ms
2026-08-09T14:02:15 INFO api Request completed status=200 latency=396ms
2026-08-09T14:04:32 ERROR api Database connection failed
2026-08-09T14:06:51 ERROR api Database connection failed
2026-08-09T14:04:36 WARNING worker Queue depth above threshold depth=23
2026-08-09T14:04:38 ERROR api Timeout connecting to Redis
2026-08-09T14:02:20 DEBUG api Cache lookup completed key=user:25851
2026-08-09T14:07:03 WARNING worker Queue depth above threshold depth=96
2026-08-09T14:07:06 DEBUG worker Queue depth=93
2026-08-09T14:02:23 ERROR api Connection pool exhausted
2026-08-09T14:04:48 INFO worker Job completed job_id=job-4703 duration=394ms
2026-08-09T14:04:50 DEBUG worker Queue depth=89
2026-08-09T14:04:52 WARNING api High latency detected latency=692ms
2026-08-09T14:04:54 INFO api Request completed status=201 latency=221ms
2026-08-09T14:04:56 ERROR api Authentication service unavailable
2026-08-09T14:04:58 INFO worker Job completed job_id=job-7712 duration=1258ms
2026-08-09T14:05:00 ERROR api Upstream service returned status=503
2026-08-09T14:07:33 INFO api Request completed status=201 latency=461ms
2026-08-09T14:05:04 INFO api Request completed status=200 latency=347ms
2026-08-09T14:05:06 DEBUG api Cache lookup completed key=user:44553
2026-08-09T14:02:34 INFO worker Job completed job_id=job-4838 duration=729ms
2026-08-09T14:02:35 INFO api Request completed status=200 latency=294ms
2026-08-09T14:05:12 WARNING api High latency detected latency=430ms
2026-08-09T14:05:14 ERROR api Request payload validation failed field=currency
2026-08-09T14:05:16 ERROR api Request payload validation failed field=currency
2026-08-09T14:07:57 WARNING worker Queue depth above threshold depth=144
2026-08-09T14:08:00 ERROR api Upstream service returned status=503
2026-08-09T14:05:22 ERROR api Upstream service returned status=503
2026-08-09T14:02:42 ERROR worker Failed to process job job_id=job-5131
2026-08-09T14:02:43 WARNING api High latency detected latency=646ms
2026-08-09T14:05:28 WARNING worker Queue depth above threshold depth=126
2026-08-09T14:05:30 INFO api Request completed status=200 latency=795ms
2026-08-09T14:02:46 WARNING api High latency detected latency=892ms
2026-08-09T14:05:34 WARNING worker Queue depth above threshold depth=58
2026-08-09T14:05:36 DEBUG worker Queue depth=99
2026-08-09T14:02:49 INFO api Request completed status=201 latency=571ms
2026-08-09T14:02:50 INFO api Request completed status=201 latency=357ms
2026-08-09T14:02:51 INFO api Request completed status=201 latency=640ms
2026-08-09T14:08:36 ERROR api Timeout connecting to Redis
2026-08-09T14:08:39 DEBUG worker Queue depth=148
2026-08-09T14:02:54 ERROR api Timeout connecting to Redis
2026-08-09T14:05:50 ERROR worker Failed to process job job_id=job-9411
2026-08-09T14:02:56 DEBUG api Cache lookup completed key=user:96230
2026-08-09T14:08:51 INFO worker Job completed job_id=job-6207 duration=1292ms
2026-08-09T14:05:56 ERROR api Database query timeout duration=7872ms
2026-08-09T14:05:58 ERROR worker Failed to process job job_id=job-1356
2026-08-09T14:06:00 INFO worker Job completed job_id=job-8636 duration=457ms
2026-08-09T14:06:02 ERROR worker Unable to publish message to queue
2026-08-09T14:06:04 DEBUG worker Queue depth=18
2026-08-09T14:06:06 WARNING api High latency detected latency=759ms
2026-08-09T14:09:12 WARNING api High latency detected latency=565ms
2026-08-09T14:06:10 DEBUG worker Queue depth=28
2026-08-09T14:09:18 DEBUG worker Queue depth=88

2026-08-09T14:06:16 INFO worker Job completed job_id=job-3968 duration=209ms
2026-08-09T14:09:27 INFO api Request completed status=201 latency=797ms
2026-08-09T14:06:20 WARNING worker Queue depth above threshold depth=140
2026-08-09T14:09:33 WARNING api High latency detected latency=128ms
2026-08-09T14:09:36 INFO api Request completed status=200 latency=494ms
2026-08-09T14:03:13 ERROR worker Failed to process job job_id=job-9627
2026-08-09T14:03:14 WARNING worker Queue depth above threshold depth=74
2026-08-09T14:09:45 DEBUG worker Queue depth=88
2026-08-09T14:06:32 DEBUG api Cache lookup completed key=user:79822
2026-08-09T14:09:51 INFO api Request completed status=201 latency=175ms
2026-08-09T14:09:54 INFO api Request completed status=201 latency=766ms
2026-08-09T14:03:19 ERROR worker Unable to publish message to queue
2026-08-09T14:10:00 WARNING worker Queue depth above threshold depth=13
2026-08-09T14:06:42 WARNING worker Queue depth above threshold depth=50
2026-08-09T14:03:22 ERROR worker Failed to process job job_id=job-6843
2026-08-09T14:03:23 INFO api Request completed status=201 latency=729ms
2026-08-09T14:03:24 WARNING api High latency detected latency=177ms
2026-08-09T14:06:50 DEBUG api Cache lookup completed key=user:81574
2026-08-09T14:03:26 DEBUG worker Queue depth=98
2026-08-09T14:10:21 ERROR api Authentication service unavailable
2026-08-09T14:06:56 ERROR api Timeout connecting to Redis
2026-08-09T14:10:27 DEBUG api Cache lookup completed key=user:10991
2026-08-09T14:03:30 ERROR worker Failed to process job job_id=job-5214
2026-08-09T14:07:02 INFO api Request completed status=201 latency=535ms
2026-08-09T14:03:32 INFO api Request completed status=200 latency=452ms
2026-08-09T14:10:39 WARNING worker Queue depth above threshold depth=48
2026-08-09T14:03:34 ERROR api Connection pool exhausted
2026-08-09T14:03:35 DEBUG worker Queue depth=113
2026-08-09T14:10:48 WARNING worker Queue depth above threshold depth=97
2026-08-09T14:10:51 ERROR api Timeout connecting to Redis
2026-08-09T14:10:54 DEBUG worker Queue depth=128
2026-08-09T14:03:39 INFO api Request completed status=201 latency=776ms
2026-08-09T14:03:40 ERROR api Database connection failed
2026-08-09T14:11:03 WARNING api High latency detected latency=181ms
2026-08-09T14:03:42 ERROR api Authentication service unavailable
2026-08-09T14:03:43 DEBUG api Cache lookup completed key=user:13997
2026-08-09T14:11:12 WARNING api High latency detected latency=669ms
2026-08-09T14:07:30 ERROR api Upstream service returned status=503
2026-08-09T14:03:46 DEBUG api Cache lookup completed key=user:45793
2026-08-09T14:07:34 INFO api Request completed status=201 latency=130ms
2026-08-09T14:03:48 INFO worker Job completed job_id=job-8471 duration=822ms
2026-08-09T14:11:27 INFO api Request completed status=200 latency=734ms
2026-08-09T14:11:30 WARNING worker Queue depth above threshold depth=70
2026-08-09T14:11:33 ERROR api Upstream service returned status=503
2026-08-09T14:11:36 DEBUG worker Queue depth=140
2026-08-09T14:03:53 INFO worker Job completed job_id=job-1609 duration=214ms
2026-08-09T14:11:42 ERROR worker Failed to process job job_id=job-8412
2026-08-09T14:11:45 ERROR worker Unable to publish message to queue
2026-08-09T14:11:48 DEBUG worker Queue depth=127
2026-08-09T14:11:51 ERROR api Database query timeout duration=2100ms
2026-08-09T14:03:58 ERROR api Database connection failed
2026-08-09T14:11:57 INFO api Request completed status=200 latency=67ms
2026-08-09T14:12:00 WARNING worker Queue depth above threshold depth=138
2026-08-09T14:04:01 WARNING worker Queue depth above threshold depth=90
2026-08-09T14:12:06 ERROR worker Job exceeded maximum retry count job_id=job-4965
2026-08-09T14:08:06 DEBUG api Cache lookup completed key=user:41789
2026-08-09T14:08:08 ERROR api Database query timeout duration=3560ms
2026-08-09T14:08:10 ERROR api Timeout connecting to Redis
2026-08-09T14:04:06 WARNING worker Queue depth above threshold depth=34
2026-08-09T14:12:21 DEBUG api Cache lookup completed key=user:73286
2026-08-09T14:12:24 ERROR worker Job exceeded maximum retry count job_id=job-7303
2026-08-09T14:12:27 ERROR api Upstream service returned status=503
2026-08-09T14:04:10 ERROR api Database query timeout duration=3571ms
2026-08-09T14:08:22 WARNING worker Queue depth above threshold depth=11
2026-08-09T14:08:24 DEBUG worker Queue depth=47
2026-08-09T14:12:39 ERROR api Upstream service returned status=503
2026-08-09T14:04:14 DEBUG worker Queue depth=48
2026-08-09T14:08:30 INFO api Request completed status=200 latency=840ms
2026-08-09T14:04:16 DEBUG api Cache lookup completed key=user:62548
2026-08-09T14:04:17 ERROR api Database connection failed
2026-08-09T14:04:18 INFO worker Job completed job_id=job-2385 duration=572ms
2026-08-09T14:04:19 INFO api Request completed status=200 latency=243ms
2026-08-09T14:13:00 WARNING worker Queue depth above threshold depth=148
2026-08-09T14:04:21 DEBUG worker Queue depth=14
2026-08-09T14:08:44 WARNING api High latency detected latency=498ms
2026-08-09T14:13:09 INFO api Request completed status=200 latency=899ms
2026-08-09T14:04:24 DEBUG api Cache lookup completed key=user:16162
2026-08-09T14:08:50 ERROR api Authentication service unavailable
2026-08-09T14:08:52 ERROR api Timeout connecting to Redis
2026-08-09T14:13:21 ERROR worker Job exceeded maximum retry count job_id=job-2168
2026-08-09T14:13:24 INFO api Request completed status=201 latency=580ms
2026-08-09T14:13:27 DEBUG worker Queue depth=65
2026-08-09T14:09:00 DEBUG worker Queue depth=95
2026-08-09T14:04:31 DEBUG api Cache lookup completed key=user:21463
2026-08-09T14:04:32 ERROR api Upstream service returned status=503
2026-08-09T14:13:39 ERROR api Authentication service unavailable
2026-08-09T14:04:34 ERROR api Database connection failed
2026-08-09T14:04:35 INFO worker Job completed job_id=job-7550 duration=621ms
2026-08-09T14:13:48 DEBUG api Cache lookup completed key=user:22113
2026-08-09T14:04:37 WARNING api High latency detected latency=790ms
2026-08-09T14:04:38 DEBUG worker Queue depth=137
2026-08-09T14:04:39 DEBUG api Cache lookup completed key=user:29527
2026-08-09T14:14:00 INFO api Request completed status=201 latency=526ms
2026-08-09T14:14:03 ERROR api Database connection failed
2026-08-09T14:09:24 ERROR api Authentication service unavailable
2026-08-09T14:14:09 DEBUG worker Queue depth=91
2026-08-09T14:14:12 INFO api Request completed status=200 latency=780ms
2026-08-09T14:14:15 WARNING api High latency detected latency=278ms
2026-08-09T14:04:46 ERROR api Database query timeout duration=3488ms
2026-08-09T14:14:21 WARNING api High latency detected latency=600ms
2026-08-09T14:04:48 DEBUG worker Queue depth=7
2026-08-09T14:04:49 WARNING api High latency detected latency=199ms
2026-08-09T14:14:30 INFO api Request completed status=200 latency=268ms
2026-08-09T14:14:33 INFO api Request completed status=201 latency=641ms
2026-08-09T14:14:36 DEBUG api Cache lookup completed key=user:24828
2026-08-09T14:04:53 ERROR api Authentication service unavailable
2026-08-09T14:09:48 ERROR worker Job exceeded maximum retry count job_id=job-1332
2026-08-09T14:09:50 INFO api Request completed status=201 latency=410ms
2026-08-09T14:14:48 DEBUG api Cache lookup completed key=user:86973
2026-08-09T14:04:57 ERROR worker Unable to publish message to queue
2026-08-09T14:09:56 WARNING worker Queue depth above threshold depth=103
2026-08-09T14:09:58 DEBUG api Cache lookup completed key=user:48980
2026-08-09T14:10:00 DEBUG worker Queue depth=110
2026-08-09T14:10:02 ERROR api Timeout connecting to Redis
2026-08-09T14:05:02 ERROR worker Failed to process job job_id=job-4351
2026-08-09T14:05:03 INFO worker Job completed job_id=job-7608 duration=510ms
2026-08-09T14:15:12 INFO api Request completed status=201 latency=839ms
2026-08-09T14:05:05 ERROR api Database connection failed
2026-08-09T14:10:12 DEBUG api Cache lookup completed key=user:37219
2026-08-09T14:15:21 DEBUG worker Queue depth=142
2026-08-09T14:10:16 INFO worker Job completed job_id=job-8408 duration=546ms
2026-08-09T14:05:09 INFO api Request completed status=200 latency=772ms
2026-08-09T14:15:30 INFO worker Job completed job_id=job-3782 duration=931ms
2026-08-09T14:15:33 DEBUG api Cache lookup completed key=user:59172
2026-08-09T14:15:36 INFO api Request completed status=200 latency=646ms
2026-08-09T14:10:26 WARNING worker Queue depth above threshold depth=136
2026-08-09T14:10:28 WARNING worker Queue depth above threshold depth=110
2026-08-09T14:05:15 WARNING api High latency detected latency=567ms
2026-08-09T14:15:48 ERROR api Authentication service unavailable
2026-08-09T14:15:51 WARNING worker Queue depth above threshold depth=94
2026-08-09T14:10:36 INFO api Request completed status=200 latency=451ms
2026-08-09T14:15:57 DEBUG worker Queue depth=98
2026-08-09T14:05:20 DEBUG api Cache lookup completed key=user:56691
2026-08-09T14:16:03 INFO api Request completed status=200 latency=129ms
2026-08-09T14:05:22 ERROR worker Failed to process job job_id=job-7448
2026-08-09T14:10:46 INFO api Request completed status=201 latency=465ms
2026-08-09T14:16:12 ERROR api Database connection failed
2026-08-09T14:05:25 INFO api Request completed status=200 latency=242ms
2026-08-09T14:10:52 ERROR api Authentication service unavailable
2026-08-09T14:16:21 WARNING api High latency detected latency=120ms
2026-08-09T14:10:56 ERROR api Timeout connecting to Redis
2026-08-09T14:05:29 ERROR api Database connection failed
2026-08-09T14:11:00 DEBUG api Cache lookup completed key=user:92226
2026-08-09T14:11:02 ERROR api Database connection failed
2026-08-09T14:05:32 DEBUG worker Queue depth=129
2026-08-09T14:11:06 INFO api Request completed status=200 latency=108ms
2026-08-09T14:11:08 ERROR api Upstream service returned status=503
2026-08-09T14:05:35 DEBUG worker Queue depth=113
2026-08-09T14:05:36 ERROR api Authentication service unavailable
2026-08-09T14:11:14 INFO api Request completed status=200 latency=472ms
2026-08-09T14:11:16 ERROR worker Failed to process job job_id=job-2614
2026-08-09T14:05:39 DEBUG api Cache lookup completed key=user:93924
2026-08-09T14:05:40 ERROR worker Failed to process job job_id=job-5064
2026-08-09T14:11:22 ERROR worker Job exceeded maximum retry count job_id=job-1179
2026-08-09T14:05:42 WARNING worker Queue depth above threshold depth=83
2026-08-09T14:11:26 DEBUG api Cache lookup completed key=user:23413
2026-08-09T14:17:12 ERROR worker Job exceeded maximum retry count job_id=job-2242
2026-08-09T14:11:30 INFO api Request completed status=200 latency=611ms
2026-08-09T14:17:18 ERROR api Upstream service returned status=503
2026-08-09T14:17:21 INFO worker Job completed job_id=job-4832 duration=1288ms
2026-08-09T14:17:24 ERROR api Upstream service returned status=503
2026-08-09T14:05:49 INFO worker Job completed job_id=job-9639 duration=992ms
2026-08-09T14:11:40 WARNING worker Queue depth above threshold depth=71
2026-08-09T14:05:51 WARNING worker Queue depth above threshold depth=118
2026-08-09T14:05:52 DEBUG worker Queue depth=84
2026-08-09T14:11:46 WARNING worker Queue depth above threshold depth=68
2026-08-09T14:05:54 DEBUG worker Queue depth=91
2026-08-09T14:17:45 WARNING api High latency detected latency=145ms
2026-08-09T14:17:48 WARNING api High latency detected latency=454ms
2026-08-09T14:17:51 DEBUG api Cache lookup completed key=user:98556
2026-08-09T14:05:58 WARNING worker Queue depth above threshold depth=115
2026-08-09T14:17:57 INFO worker Job completed job_id=job-7183 duration=783ms
2026-08-09T14:06:00 DEBUG api Cache lookup completed key=user:55968
2026-08-09T14:12:02 INFO api Request completed status=200 latency=388ms
2026-08-09T14:12:04 DEBUG worker Queue depth=10
2026-08-09T14:18:09 ERROR api Connection pool exhausted
2026-08-09T14:06:04 ERROR api Timeout connecting to Redis
2026-08-09T14:12:10 WARNING worker Queue depth above threshold depth=70
2026-08-09T14:06:06 ERROR api Database connection failed
2026-08-09T14:06:07 ERROR api Request payload validation failed field=currency
2026-08-09T14:06:08 DEBUG worker Queue depth=137
2026-08-09T14:18:27 INFO worker Job completed job_id=job-3079 duration=271ms
2026-08-09T14:12:20 ERROR api Authentication service unavailable
2026-08-09T14:06:11 WARNING worker Queue depth above threshold depth=23
2026-08-09T14:18:36 WARNING api High latency detected latency=417ms
2026-08-09T14:06:13 ERROR api Connection pool exhausted
2026-08-09T14:18:42 WARNING worker Queue depth above threshold depth=78
2026-08-09T14:12:30 DEBUG worker Queue depth=117
2026-08-09T14:06:16 DEBUG api Cache lookup completed key=user:50846
2026-08-09T14:06:17 ERROR worker Job exceeded maximum retry count job_id=job-9784
2026-08-09T14:06:18 WARNING api High latency detected latency=69ms
2026-08-09T14:06:19 DEBUG worker Queue depth=110
2026-08-09T14:12:40 WARNING api High latency detected latency=170ms
2026-08-09T14:06:21 ERROR worker Unable to publish message to queue
2026-08-09T14:06:22 INFO worker Job completed job_id=job-8569 duration=1122ms
2026-08-09T14:19:09 ERROR api Timeout connecting to Redis
2026-08-09T14:19:12 ERROR api Database query timeout duration=2583ms
2026-08-09T14:12:50 INFO worker Job completed job_id=job-7404 duration=202ms
2026-08-09T14:06:26 WARNING api High latency detected latency=114ms
2026-08-09T14:12:54 INFO api Request completed status=201 latency=368ms
2026-08-09T14:12:56 ERROR worker Failed to process job job_id=job-2822
2026-08-09T14:19:27 ERROR api Timeout connecting to Redis
2026-08-09T14:19:30 WARNING worker Queue depth above threshold depth=40
2026-08-09T14:06:31 ERROR worker Failed to process job job_id=job-2960
2026-08-09T14:13:04 ERROR api Authentication service unavailable
2026-08-09T14:13:06 ERROR api Request payload validation failed field=user_id
2026-08-09T14:13:08 ERROR api Authentication service unavailable
2026-08-09T14:06:35 INFO worker Job completed job_id=job-9754 duration=150ms
2026-08-09T14:19:48 INFO api Request completed status=201 latency=756ms
2026-08-09T14:13:14 INFO api Request completed status=200 latency=332ms
2026-08-09T14:06:38 ERROR api Upstream service returned status=503
2026-08-09T14:19:57 ERROR api Timeout connecting to Redis
2026-08-09T14:13:20 WARNING worker Queue depth above threshold depth=111
2026-08-09T14:06:41 INFO worker Job completed job_id=job-5892 duration=318ms
2026-08-09T14:20:06 INFO api Request completed status=200 latency=89ms
2026-08-09 missing
2026-08-09T14:13:28 ERROR api Timeout connecting to Redis
2026-08-09T14:06:45 INFO api Request completed status=200 latency=50ms
2026-08-09T14:13:32 ERROR api Authentication service unavailable
2026-08-09T14:13:34 ERROR worker Failed to process job job_id=job-9533
2026-08-09T14:13:36 DEBUG worker Queue depth=61
2026-08-09T14:06:49 WARNING api High latency detected latency=609ms
2026-08-09T14:20:30 WARNING api High latency detected latency=520ms
2026-08-09T14:20:33 WARNING api High latency detected latency=686ms
2026-08-09T14:13:44 INFO api Request completed status=201 latency=574ms
2026-08-09T14:13:46 DEBUG worker Queue depth=93
2026-08-09T14:13:48 WARNING worker Queue depth above threshold depth=25
2026-08-09T14:20:45 WARNING worker Queue depth above threshold depth=10
2026-08-09T14:13:52 WARNING api High latency detected latency=73ms
2026-08-09T14:20:51 DEBUG api Cache lookup completed key=user:29098
2026-08-09T14:20:54 INFO api Request completed status=200 latency=750ms
2026-08-09T14:20:57 INFO api Request completed status=200 latency=290ms
2026-08-09T14:07:00 ERROR api Timeout connecting to Redis
2026-08-09T14:07:01 ERROR api Timeout connecting to Redis
2026-08-09T14:21:06 ERROR api Database connection failed
2026-08-09T14:21:09 INFO api Request completed status=201 latency=423ms
2026-08-09T14:21:12 ERROR api Database connection failed
2026-08-09T14:21:15 INFO worker Job completed job_id=job-8058 duration=636ms
2026-08-09T14:14:12 DEBUG worker Queue depth=115
2026-08-09T14:07:07 ERROR api Upstream service returned status=503
2026-08-09T14:14:16 DEBUG worker Queue depth=144
2026-08-09T14:21:27 WARNING worker Queue depth above threshold depth=130
2026-08-09T14:14:20 WARNING api High latency detected latency=264ms
2026-08-09T14:21:33 WARNING api High latency detected latency=893ms
2026-08-09T14:14:24 WARNING worker Queue depth above threshold depth=54
2026-08-09T14:21:39 ERROR api Database connection failed
2026-08-09T14:07:14 ERROR api Request payload validation failed field=user_id
2026-08-09T14:21:45 WARNING worker Queue depth above threshold depth=121
2026-08-09T14:07:16 WARNING worker Queue depth above threshold depth=79
2026-08-09T14:21:51 ERROR api Database connection failed
2026-08-09T14:14:36 WARNING worker Queue depth above threshold depth=22
2026-08-09T14:14:38 DEBUG worker Queue depth=115
2026-08-09T14:22:00 INFO api Request completed status=200 latency=142ms
2026-08-09T14:22:03 INFO api Request completed status=200 latency=742ms
2026-08-09T14:07:22 INFO api Request completed status=201 latency=273ms
2026-08-09T14:14:46 INFO worker Job completed job_id=job-4700 duration=593ms
2026-08-09T14:22:12 INFO api Request completed status=200 latency=715ms
2026-08-09T14:14:50 DEBUG worker Queue depth=75
2026-08-09T14:14:52 ERROR api Connection pool exhausted
2026-08-09T14:22:21 INFO api Request completed status=200 latency=805ms
2026-08-09T14:22:24 ERROR worker Unable to publish message to queue
2026-08-09T14:14:58 ERROR api Upstream service returned status=503
2026-08-09T14:07:30 DEBUG api Cache lookup completed key=user:83216
2026-08-09T14:22:33 ERROR worker Failed to process job job_id=job-2138
2026-08-09T14:07:32 WARNING api High latency detected latency=63ms
2026-08-09T14:22:39 INFO api Request completed status=201 latency=39ms
2026-08-09T14:07:34 WARNING worker Queue depth above threshold depth=9
2026-08-09T14:22:45 DEBUG api Cache lookup completed key=user:16668
2026-08-09T14:07:36 DEBUG worker Queue depth=44
2026-08-09T14:15:14 ERROR api Timeout connecting to Redis
2026-08-09T14:15:16 INFO api Request completed status=201 latency=57ms
2026-08-09T14:15:18 DEBUG worker Queue depth=127
2026-08-09T14:15:20 WARNING api High latency detected latency=807ms
2026-08-09T14:07:41 WARNING api High latency detected latency=429ms
2026-08-09T14:07:42 INFO worker Job completed job_id=job-7565 duration=538ms
2026-08-09T14:15:26 ERROR api Database connection failed
2026-08-09T14:07:44 ERROR api Timeout connecting to Redis
2026-08-09T14:07:45 ERROR api Timeout connecting to Redis
2026-08-09T14:23:18 ERROR worker Job exceeded maximum retry count job_id=job-6068
2026-08-09T14:07:47 WARNING worker Queue depth above threshold depth=118
2026-08-09T14:07:48 DEBUG api Cache lookup completed key=user:22921
2026-08-09T14:15:38 INFO api Request completed status=201 latency=853ms
2026-08-09T14:23:30 ERROR api Database connection failed
2026-08-09T14:07:51 INFO api Request completed status=200 latency=543ms
2026-08-09T14:23:36 ERROR api Database connection failed
2026-08-09T14:23:39 DEBUG api Cache lookup completed key=user:72196
2026-08-09T14:07:54 WARNING worker Queue depth above threshold depth=132
2026-08-09T14:23:45 DEBUG worker Queue depth=48
2026-08-09T14:07:56 DEBUG worker Queue depth=22
2026-08-09T14:23:51 INFO api Request completed status=201 latency=221ms
2026-08-09T14:15:56 ERROR api Database connection failed
2026-08-09T14:15:58 INFO api Request completed status=200 latency=544ms
2026-08-09T14:16:00 ERROR worker Failed to process job job_id=job-2965
2026-08-09T14:08:01 WARNING worker Queue depth above threshold depth=32
2026-08-09T14:16:04 INFO api Request completed status=200 latency=701ms
2026-08-09T14:16:06 INFO worker Job completed job_id=job-6145 duration=582ms
2026-08-09T14:24:12 INFO api Request completed status=200 latency=453ms
2026-08-09T14:16:10 INFO api Request completed status=201 latency=855ms
2026-08-09T14:16:12 ERROR worker Failed to process job job_id=job-9490
2026-08-09T14:08:07 WARNING worker Queue depth above threshold depth=86
2026-08-09T14:24:24 INFO worker Job completed job_id=job-9991 duration=236ms
2026-08-09T14:08:09 ERROR api Upstream service returned status=503
2026-08-09T14:24:30 WARNING api High latency detected latency=184ms
2026-08-09T14:16:22 ERROR worker Unable to publish message to queue
2026-08-09T14:24:36 DEBUG api Cache lookup completed key=user:29851
2026-08-09T14:24:39 DEBUG worker Queue depth=11
2026-08-09T14:24:42 WARNING worker Queue depth above threshold depth=49
2026-08-09T14:08:15 WARNING api High latency detected latency=157ms
2026-08-09T14:24:48 INFO api Request completed status=201 latency=666ms
2026-08-09T14:08:17 ERROR api Timeout connecting to Redis
2026-08-09T14:16:36 ERROR api Timeout connecting to Redis
2026-08-09T14:16:38 INFO api Request completed status=200 latency=823ms
2026-08-09T14:25:00 WARNING api High latency detected latency=736ms
2026-08-09T14:16:42 ERROR api Database connection failed
2026-08-09T14:25:06 ERROR api Connection pool exhausted
2026-08-09T14:25:09 DEBUG api Cache lookup completed key=user:11439
2026-08-09T14:16:48 ERROR api Database connection failed
2026-08-09T14:25:15 ERROR api Database connection failed
2026-08-09T14:08:26 INFO api Request completed status=201 latency=371ms
2026-08-09T14:08:27 INFO worker Job completed job_id=job-8161 duration=448ms
2026-08-09T14:25:24 WARNING worker Queue depth above threshold depth=40
2026-08-09T14:16:58 INFO api Request completed status=200 latency=678ms
2026-08-09T14:25:30 ERROR api Authentication service unavailable
2026-08-09T14:25:33 INFO api Request completed status=200 latency=199ms
2026-08-09T14:08:32 ERROR api Connection pool exhausted
2026-08-09T14:17:06 ERROR api Database connection failed
2026-08-09T14:08:34 ERROR worker Failed to process job job_id=job-7432
2026-08-09T14:25:45 INFO api Request completed status=201 latency=286ms
2026-08-09T14:08:36 ERROR api Timeout connecting to Redis
2026-08-09T14:17:14 WARNING worker Queue depth above threshold depth=87
2026-08-09T14:08:38 ERROR api Database query timeout duration=7112ms
2026-08-09T14:17:18 ERROR api Request payload validation failed field=email
2026-08-09T14:17:20 ERROR api Database query timeout duration=4969ms
2026-08-09T14:08:41 WARNING worker Queue depth above threshold depth=126
2026-08-09T14:08:42 INFO api Request completed status=200 latency=193ms
2026-08-09T14:17:26 ERROR api Authentication service unavailable
2026-08-09T14:08:44 DEBUG worker Queue depth=98
2026-08-09T14:08:45 DEBUG worker Queue depth=109
2026-08-09T14:26:18 ERROR api Database connection failed
2026-08-09T14:17:34 ERROR api Upstream service returned status=503
2026-08-09T14:08:48 ERROR api Authentication service unavailable
2026-08-09T14:08:49 ERROR api Upstream service returned status=503
2026-08-09T14:08:50 ERROR worker Unable to publish message to queue
2026-08-09T14:08:51 WARNING api High latency detected latency=140ms
2026-08-09T14:08:52 ERROR api Database query timeout duration=5924ms
2026-08-09T14:26:39 ERROR api Database connection failed
2026-08-09T14:26:42 INFO worker Job completed job_id=job-2900 duration=1212ms
2026-08-09T14:08:55 INFO api Request completed status=201 latency=850ms
2026-08-09T14:08:56 DEBUG api Cache lookup completed key=user:93436
2026-08-09T14:08:57 INFO worker Job completed job_id=job-3163 duration=283ms
2026-08-09T14:26:54 ERROR api Database connection failed
2026-08-09T14:08:59 WARNING worker Queue depth above threshold depth=138
2026-08-09T14:27:00 INFO api Request completed status=201 latency=520ms
2026-08-09T14:27:03 DEBUG api Cache lookup completed key=user:16041
2026-08-09T14:18:04 INFO worker Job completed job_id=job-5995 duration=400ms
2026-08-09T14:18:06 DEBUG worker Queue depth=88
2026-08-09T14:18:08 INFO worker Job completed job_id=job-3299 duration=965ms
2026-08-09T14:18:10 ERROR api Database query timeout duration=6202ms
2026-08-09T14:27:18 ERROR worker Unable to publish message to queue
2026-08-09T14:27:21 INFO worker Job completed job_id=job-5179 duration=1345ms
2026-08-09T14:18:16 INFO api Request completed status=200 latency=302ms
2026-08-09T14:27:27 INFO api Request completed status=201 latency=647ms
2026-08-09T14:09:10 INFO api Request completed status=200 latency=697ms
2026-08-09T14:18:22 INFO worker Job completed job_id=job-7456 duration=796ms
2026-08-09T14:18:24 ERROR api Upstream service returned status=503
2026-08-09T14:18:26 WARNING api High latency detected latency=245ms
2026-08-09T14:09:14 ERROR api Upstream service returned status=503
2026-08-09T14:27:45 DEBUG api Cache lookup completed key=user:81275
2026-08-09T14:18:32 INFO api Request completed status=200 latency=658ms
2026-08-09T14:27:51 INFO worker Job completed job_id=job-5691 duration=868ms
2026-08-09T14:27:54 WARNING worker Queue depth above threshold depth=16
2026-08-09T14:09:19 INFO api Request completed status=200 latency=340ms
2026-08-09T14:18:40 WARNING worker Queue depth above threshold depth=37
2026-08-09T14:18:42 WARNING api High latency detected latency=24ms
2026-08-09T14:18:44 DEBUG worker Queue depth=102
2026-08-09T14:18:46 ERROR api Request payload validation failed field=email
2026-08-09T14:18:48 INFO api Request completed status=201 latency=65ms
2026-08-09T14:28:15 INFO api Request completed status=201 latency=606ms
2026-08-09T14:18:52 ERROR api Database connection failed
2026-08-09T14:28:21 DEBUG api Cache lookup completed key=user:63716
2026-08-09T14:28:24 WARNING api High latency detected latency=755ms
2026-08-09T14:28:27 INFO api Request completed status=200 latency=26ms
2026-08-09T14:09:30 DEBUG worker Queue depth=132
2026-08-09T14:19:02 INFO api Request completed status=200 latency=200ms
2026-08-09T14:28:36 INFO api Request completed status=201 latency=896ms
2026-08-09T14:09:33 INFO api Request completed status=200 latency=109ms
2026-08-09T14:28:42 DEBUG api Cache lookup completed key=user:90823
2026-08-09T14:09:35 DEBUG worker Queue depth=71
2026-08-09T14:19:12 ERROR worker Failed to process job job_id=job-3350
2026-08-09T14:09:37 WARNING api High latency detected latency=850ms
2026-08-09T14:09:38 ERROR api Timeout connecting to Redis
2026-08-09T14:09:39 WARNING worker Queue depth above threshold depth=117
2026-08-09T14:19:20 WARNING worker Queue depth above threshold depth=103
2026-08-09T14:19:22 ERROR api Authentication service unavailable
2026-08-09T14:09:42 DEBUG api Cache lookup completed key=user:67600
2026-08-09T14:19:26 INFO api Request completed status=200 latency=313ms
2026-08-09T14:09:44 WARNING worker Queue depth above threshold depth=60
2026-08-09T14:19:30 ERROR api Authentication service unavailable
2026-08-09T14:29:18 DEBUG api Cache lookup completed key=user:67568
2026-08-09T14:09:47 WARNING worker Queue depth above threshold depth=49
2026-08-09T14:09:48 DEBUG worker Queue depth=14
2026-08-09T14:09:49 ERROR api Database connection failed
2026-08-09T14:29:30 DEBUG api Cache lookup completed key=user:76861
2026-08-09T14:19:42 INFO api Request completed status=201 latency=190ms
2026-08-09T14:19:44 INFO api Request completed status=201 latency=558ms
2026-08-09T14:09:53 INFO api Request completed status=200 latency=196ms
2026-08-09T14:29:42 ERROR worker Job exceeded maximum retry count job_id=job-2487
2026-08-09T14:19:50 WARNING api High latency detected latency=150ms
2026-08-09T14:29:48 DEBUG worker Queue depth=100
2026-08-09T14:09:57 INFO api Request completed status=200 latency=522ms
2026-08-09T14:19:56 ERROR api Upstream service returned status=503
2026-08-09T14:19:58 DEBUG worker Queue depth=53
2026-08-09T14:20:00 ERROR api Authentication service unavailable
2026-08-09T14:10:01 ERROR api Database connection failed
2026-08-09T14:10:02 WARNING api High latency detected latency=284ms
2026-08-09T14:20:06 ERROR api Database query timeout duration=1636ms
2026-08-09T14:20:08 WARNING worker Queue depth above threshold depth=78
2026-08-09T14:20:10 ERROR api Database query timeout duration=4523ms
2026-08-09T14:20:12 DEBUG worker Queue depth=77
2026-08-09T14:20:14 INFO api Request completed status=200 latency=48ms
2026-08-09T14:20:16 WARNING api High latency detected latency=553ms
2026-08-09T14:20:18 ERROR api Timeout connecting to Redis
2026-08-09T14:10:10 INFO api Request completed status=200 latency=232ms
2026-08-09T14:10:11 ERROR worker Unable to publish message to queue
2026-08-09T14:20:24 ERROR api Request payload validation failed field=email
2026-08-09T14:30:39 INFO api Request completed status=201 latency=495ms
2026-08-09T14:30:42 INFO api Request completed status=200 latency=643ms
2026-08-09T14:20:30 WARNING worker Queue depth above threshold depth=112
2026-08-09T14:10:16 INFO api Request completed status=200 latency=92ms
2026-08-09T14:10:17 ERROR api Request payload validation failed field=user_id
2026-08-09T14:30:54 INFO worker Job completed job_id=job-5308 duration=682ms
2026-08-09T14:20:38 ERROR api Database connection failed
2026-08-09T14:20:40 INFO worker Job completed job_id=job-5052 duration=1316ms
2026-08-09T14:31:03 WARNING worker Queue depth above threshold depth=22
2026-08-09T14:10:22 INFO worker Job completed job_id=job-5763 duration=1220ms
2026-08-09T14:31:09 ERROR api Authentication service unavailable
2026-08-09T14:10:24 WARNING worker Queue depth above threshold depth=21
2026-08-09T14:31:15 DEBUG worker Queue depth=20
2026-08-09T14:20:52 INFO worker Job completed job_id=job-5089 duration=205ms
2026-08-09T14:20:54 ERROR worker Failed to process job job_id=job-4772
2026-08-09T14:10:28 WARNING api High latency detected latency=599ms
2026-08-09T14:20:58 WARNING worker Queue depth above threshold depth=29
2026-08-09T14:21:00 INFO worker Job completed job_id=job-3312 duration=600ms
2026-08-09T14:21:02 WARNING api High latency detected latency=540ms
2026-08-09T14:10:32 INFO worker Job completed job_id=job-9215 duration=142ms
2026-08-09T14:31:39 INFO worker Job completed job_id=job-9551 duration=774ms
2026-08-09T14:21:08 WARNING worker Queue depth above threshold depth=40
2026-08-09T14:21:10 ERROR api Timeout connecting to Redis
2026-08-09T14:21:12 ERROR worker Failed to process job job_id=job-7906
2026-08-09T14:31:51 ERROR api Database connection failed
2026-08-09T14:21:16 INFO api Request completed status=201 latency=400ms
2026-08-09T14:21:18 INFO api Request completed status=200 latency=440ms
2026-08-09T14:32:00 INFO api Request completed status=201 latency=444ms
2026-08-09T14:32:03 DEBUG worker Queue depth=143
2026-08-09T14:32:06 ERROR api Timeout connecting to Redis
2026-08-09T14:10:43 ERROR api Upstream service returned status=503
2026-08-09T14:10:44 INFO api Request completed status=201 latency=729ms
2026-08-09T14:10:45 DEBUG api Cache lookup completed key=user:69129
2026-08-09T14:21:32 WARNING api High latency detected latency=821ms
2026-08-09T14:32:21 DEBUG api Cache lookup completed key=user:95592
2026-08-09T14:32:24 ERROR api Database connection failed
2026-08-09T14:32:27 WARNING api High latency detected latency=298ms
2026-08-09T14:10:50 WARNING worker Queue depth above threshold depth=22
2026-08-09T14:10:51 WARNING api High latency detected latency=278ms
2026-08-09T14:10:52 WARNING worker Queue depth above threshold depth=114
2026-08-09T14:32:39 DEBUG api Cache lookup completed key=user:39844
2026-08-09T14:10:54 INFO api Request completed status=201 latency=860ms
2026-08-09T14:32:45 WARNING worker Queue depth above threshold depth=97
2026-08-09T14:21:52 WARNING worker Queue depth above threshold depth=33
2026-08-09T14:32:51 ERROR api Upstream service returned status=503
2026-08-09T14:21:56 DEBUG worker Queue depth=33
2026-08-09T14:21:58 ERROR api Authentication service unavailable
2026-08-09T14:33:00 INFO worker Job completed job_id=job-2272 duration=399ms
2026-08-09T14:11:01 INFO api Request completed status=200 latency=209ms
2026-08-09T14:33:06 DEBUG worker Queue depth=91
2026-08-09T14:11:03 INFO worker Job completed job_id=job-1362 duration=371ms
2026-08-09T14:33:12 WARNING api High latency detected latency=497ms
2026-08-09T14:33:15 DEBUG api Cache lookup completed key=user:80073
2026-08-09T14:11:06 DEBUG api Cache lookup completed key=user:77747
2026-08-09T14:33:21 INFO worker Job completed job_id=job-7596 duration=1415ms
2026-08-09T14:11:08 DEBUG api Cache lookup completed key=user:80911
2026-08-09T14:33:27 DEBUG api Cache lookup completed key=user:54416
2026-08-09T14:22:20 WARNING api High latency detected latency=401ms
2026-08-09T14:22:22 INFO worker Job completed job_id=job-9670 duration=441ms
2026-08-09T14:33:36 WARNING api High latency detected latency=714ms
2026-08-09T14:33:39 WARNING api High latency detected latency=440ms
2026-08-09T14:22:28 ERROR worker Failed to process job job_id=job-9092
2026-08-09T14:33:45 INFO api Request completed status=200 latency=421ms
2026-08-09T14:11:16 ERROR api Timeout connecting to Redis
2026-08-09T14:33:51 DEBUG api Cache lookup completed key=user:69342
2026-08-09T14:22:36 INFO api Request completed status=201 latency=436ms
2026-08-09T14:33:57 ERROR worker Unable to publish message to queue
2026-08-09T14:11:20 ERROR worker Failed to process job job_id=job-8257
2026-08-09T14:11:21 DEBUG worker Queue depth=18
2026-08-09T14:11:22 DEBUG api Cache lookup completed key=user:54663
2026-08-09T14:11:23 INFO api Request completed status=200 latency=506ms
2026-08-09T14:22:48 WARNING worker Queue depth above threshold depth=91
2026-08-09T14:34:15 DEBUG api Cache lookup completed key=user:86913
2026-08-09T14:11:26 ERROR api Connection pool exhausted
2026-08-09T14:22:54 DEBUG worker Queue depth=50
2026-08-09T14:34:24 ERROR api Request payload validation failed field=amount
2026-08-09T14:11:29 DEBUG api Cache lookup completed key=user:46769
2026-08-09T14:23:00 WARNING api High latency detected latency=301ms
2026-08-09T14:11:31 INFO api Request completed status=200 latency=141ms
2026-08-09T14:23:04 DEBUG api Cache lookup completed key=user:93214
2026-08-09T14:34:39 DEBUG api Cache lookup completed key=user:63030
2026-08-09T14:23:08 WARNING worker Queue depth above threshold depth=83
2026-08-09T14:23:10 ERROR api Connection pool exhausted
2026-08-09T14:11:36 ERROR api Database connection failed
2026-08-09T14:23:14 WARNING worker Queue depth above threshold depth=145
2026-08-09T14:23:16 INFO api Request completed status=201 latency=197ms
2026-08-09T14:34:57 INFO worker Job completed job_id=job-1223 duration=655ms
2026-08-09T14:11:40 DEBUG worker Queue depth=111
2026-08-09T14:23:22 ERROR api Database connection failed
2026-08-09T14:11:42 INFO worker Job completed job_id=job-4468 duration=453ms
2026-08-09T14:23:26 WARNING worker Queue depth above threshold depth=136
2026-08-09T14:11:44 INFO api Request completed status=200 latency=672ms
2026-08-09T14:23:30 INFO worker Job completed job_id=job-8775 duration=628ms
2026-08-09T14:23:32 ERROR worker Unable to publish message to queue
2026-08-09T14:35:21 INFO api Request completed status=201 latency=890ms
2026-08-09T14:35:24 INFO api Request completed status=201 latency=392ms
2026-08-09T14:35:27 INFO api Request completed status=200 latency=845ms
2026-08-09T14:35:30 WARNING api High latency detected latency=166ms
2026-08-09T14:23:42 INFO api Request completed status=200 latency=100ms
2026-08-09T14:35:36 WARNING api High latency detected latency=417ms
2026-08-09T14:11:53 WARNING worker Queue depth above threshold depth=91
2026-08-09T14:35:42 ERROR api Database query timeout duration=7117ms
2026-08-09T14:35:45 INFO api Request completed status=201 latency=503ms
2026-08-09T14:11:56 ERROR api Request payload validation failed field=amount
2026-08-09T14:35:51 DEBUG api Cache lookup completed key=user:56392
2026-08-09T14:35:54 DEBUG api Cache lookup completed key=user:12577
2026-08-09T14:23:58 WARNING worker Queue depth above threshold depth=135
2026-08-09T14:12:00 ERROR api Connection pool exhausted
2026-08-09T14:36:03 ERROR api Database connection failed
2026-08-09T14:24:04 INFO worker Job completed job_id=job-6376 duration=970ms
2026-08-09T14:12:03 INFO api Request completed status=201 latency=887ms
2026-08-09T14:24:08 DEBUG worker Queue depth=64
2026-08-09T14:12:05 INFO api Request completed status=201 latency=172ms
2026-08-09T14:24:12 INFO worker Job completed job_id=job-1545 duration=1113ms
2026-08-09T14:36:21 INFO api Request completed status=201 latency=261ms
2026-08-09T14:36:24 INFO api Request completed status=201 latency=20ms
2026-08-09T14:24:18 DEBUG worker Queue depth=5
2026-08-09T14:36:30 DEBUG worker Queue depth=37
2026-08-09T14:12:11 INFO worker Job completed job_id=job-6325 duration=527ms
2026-08-09T14:24:24 WARNING worker Queue depth above threshold depth=66
2026-08-09T14:24:26 ERROR api Timeout connecting to Redis
2026-08-09T14:36:42 DEBUG worker Queue depth=149
2026-08-09T14:24:30 WARNING worker Queue depth above threshold depth=97
2026-08-09T14:36:48 WARNING api High latency detected latency=643ms
2026-08-09T14:12:17 DEBUG worker Queue depth=27
2026-08-09T14:24:36 ERROR api Request payload validation failed field=currency
2026-08-09T14:12:19 WARNING api High latency detected latency=589ms
2026-08-09T14:24:40 ERROR api Authentication service unavailable
2026-08-09T14:24:42 WARNING worker Queue depth above threshold depth=110
2026-08-09T14:37:06 ERROR worker Failed to process job job_id=job-7669
2026-08-09T14:12:23 WARNING worker Queue depth above threshold depth=34
2026-08-09T14:37:12 DEBUG worker Queue depth=60
2026-08-09T14:37:15 DEBUG api Cache lookup completed key=user:63213
2026-08-09T14:12:26 ERROR api Timeout connecting to Redis
2026-08-09T14:37:21 WARNING api High latency detected latency=209ms
2026-08-09T14:24:56 WARNING api High latency detected latency=262ms
2026-08-09T14:24:58 ERROR api Request payload validation failed field=amount
2026-08-09T14:12:30 DEBUG worker Queue depth=17
2026-08-09T14:37:33 INFO api Request completed status=201 latency=477ms
2026-08-09T14:25:04 ERROR api Upstream service returned status=503
2026-08-09T14:25:06 DEBUG api Cache lookup completed key=user:48643
2026-08-09T14:12:34 DEBUG worker Queue depth=7
2026-08-09T14:25:10 ERROR api Database connection failed
2026-08-09T14:37:48 DEBUG api Cache lookup completed key=user:30523
2026-08-09T14:25:14 ERROR api Authentication service unavailable
2026-08-09T14:12:38 ERROR worker Job exceeded maximum retry count job_id=job-2678
2026-08-09T14:25:18 ERROR api Database connection failed
2026-08-09T14:38:00 DEBUG api Cache lookup completed key=user:68605
2026-08-09T14:38:03 WARNING api High latency detected latency=844ms
2026-08-09T14:12:42 INFO api Request completed status=200 latency=392ms
2026-08-09T14:38:09 WARNING api High latency detected latency=109ms
2026-08-09T14:38:12 WARNING api High latency detected latency=375ms
2026-08-09T14:38:15 WARNING worker Queue depth above threshold depth=54
2026-08-09T14:38:18 ERROR api Database connection failed
2026-08-09T14:38:21 DEBUG api Cache lookup completed key=user:72345
2026-08-09T14:12:48 INFO api Request completed status=201 latency=108ms
2026-08-09T14:25:38 INFO api Request completed status=200 latency=418ms
2026-08-09T14:12:50 ERROR worker Failed to process job job_id=job-8912
2026-08-09T14:25:42 INFO worker Job completed job_id=job-8356 duration=1267ms
2026-08-09T14:25:44 INFO api Request completed status=201 latency=531ms
2026-08-09T14:25:46 WARNING api High latency detected latency=811ms
2026-08-09T14:12:54 DEBUG api Cache lookup completed key=user:66621
2026-08-09T14:38:45 ERROR api Database query timeout duration=2027ms
2026-08-09T14:12:56 WARNING api High latency detected latency=610ms
ERROR
2026-08-09T14:38:54 INFO api Request completed status=201 latency=466ms
2026-08-09T14:38:57 DEBUG api Cache lookup completed key=user:53800
2026-08-09T14:26:00 INFO worker Job completed job_id=job-2657 duration=724ms
2026-08-09T14:26:02 WARNING api High latency detected latency=212ms
2026-08-09T14:13:02 DEBUG api Cache lookup completed key=user:47114
2026-08-09T14:39:09 DEBUG api Cache lookup completed key=user:97683
2026-08-09T14:26:08 INFO api Request completed status=201 latency=34ms
2026-08-09T14:26:10 ERROR api Database connection failed
2026-08-09T14:13:06 ERROR worker Failed to process job job_id=job-4849
2026-08-09T14:13:07 ERROR worker Failed to process job job_id=job-1856
2026-08-09T14:26:16 WARNING api High latency detected latency=781ms
2026-08-09T14:39:27 INFO api Request completed status=200 latency=401ms
2026-08-09T14:13:10 ERROR api Upstream service returned status=503
2026-08-09T14:39:33 DEBUG api Cache lookup completed key=user:75801
2026-08-09T14:39:36 INFO worker Job completed job_id=job-4285 duration=1372ms
2026-08-09T14:39:39 ERROR api Timeout connecting to Redis
2026-08-09T14:26:28 WARNING worker Queue depth above threshold depth=52
2026-08-09T14:26:30 INFO worker Job completed job_id=job-6731 duration=1338ms
2026-08-09T14:26:32 WARNING api High latency detected latency=459ms
2026-08-09T14:26:34 ERROR api Timeout connecting to Redis
2026-08-09T14:26:36 ERROR api Upstream service returned status=503
2026-08-09T14:13:19 ERROR api Database connection failed
2026-08-09T14:13:20 INFO api Request completed status=201 latency=418ms
2026-08-09T14:26:42 DEBUG api Cache lookup completed key=user:88240
2026-08-09T14:26:44 ERROR api Upstream service returned status=503
2026-08-09T14:26:46 DEBUG api Cache lookup completed key=user:90069
2026-08-09T14:26:48 ERROR api Upstream service returned status=503
2026-08-09T14:40:15 INFO api Request completed status=201 latency=92ms
2026-08-09T14:26:52 ERROR worker Failed to process job job_id=job-2628
2026-08-09T14:40:21 INFO worker Job completed job_id=job-1511 duration=1316ms
2026-08-09T14:40:24 ERROR api Request payload validation failed field=currency
2026-08-09T14:40:27 WARNING worker Queue depth above threshold depth=124
2026-08-09T14:27:00 INFO api Request completed status=201 latency=159ms
2026-08-09T14:27:02 WARNING api High latency detected latency=659ms
2026-08-09T14:13:32 ERROR api Upstream service returned status=503
2026-08-09T14:40:39 WARNING worker Queue depth above threshold depth=145
2026-08-09T14:13:34 DEBUG worker Queue depth=46
2026-08-09T14:27:10 DEBUG worker Queue depth=93
2026-08-09T14:27:12 INFO worker Job completed job_id=job-4536 duration=1273ms
2026-08-09T14:27:14 WARNING worker Queue depth above threshold depth=69
2026-08-09T14:27:16 ERROR api Database connection failed
2026-08-09T14:13:39 ERROR api Upstream service returned status=503
2026-08-09T14:27:20 INFO api Request completed status=201 latency=567ms
2026-08-09T14:27:22 INFO worker Job completed job_id=job-2815 duration=1467ms
2026-08-09T14:41:06 INFO worker Job completed job_id=job-8719 duration=147ms
2026-08-09T14:41:09 DEBUG api Cache lookup completed key=user:63619
2026-08-09T14:13:44 DEBUG api Cache lookup completed key=user:54185
2026-08-09T14:13:45 ERROR api Request payload validation failed field=currency
2026-08-09T14:41:18 INFO api Request completed status=200 latency=426ms
2026-08-09T14:13:47 INFO api Request completed status=201 latency=418ms
2026-08-09T14:41:24 ERROR worker Failed to process job job_id=job-2880
2026-08-09T14:41:27 WARNING api High latency detected latency=47ms
2026-08-09T14:27:40 DEBUG worker Queue depth=131
2026-08-09T14:27:42 INFO worker Job completed job_id=job-3153 duration=1170ms
2026-08-09T14:41:36 WARNING worker Queue depth above threshold depth=72
2026-08-09T14:41:39 INFO api Request completed status=201 latency=188ms
2026-08-09T14:41:42 INFO api Request completed status=200 latency=663ms
2026-08-09T14:27:50 WARNING worker Queue depth above threshold depth=88
2026-08-09T14:13:56 DEBUG worker Queue depth=117
2026-08-09T14:27:54 INFO worker Job completed job_id=job-4216 duration=637ms
2026-08-09T14:13:58 WARNING worker Queue depth above threshold depth=118
2026-08-09T14:13:59 DEBUG api Cache lookup completed key=user:81367
2026-08-09T14:14:00 WARNING worker Queue depth above threshold depth=91
2026-08-09T14:28:02 INFO api Request completed status=200 latency=789ms
2026-08-09T14:42:06 INFO api Request completed status=201 latency=99ms
2026-08-09T14:14:03 ERROR api Database connection failed
2026-08-09T14:14:04 WARNING worker Queue depth above threshold depth=52
2026-08-09T14:28:10 DEBUG api Cache lookup completed key=user:58014
2026-08-09T14:14:06 ERROR api Upstream service returned status=503
2026-08-09T14:14:07 DEBUG worker Queue depth=130
2026-08-09T14:42:24 WARNING api High latency detected latency=484ms
2026-08-09T14:28:18 DEBUG worker Queue depth=141
2026-08-09T14:28:20 INFO api Request completed status=200 latency=728ms
2026-08-09T14:14:11 ERROR api Database connection failed
2026-08-09T14:14:12 INFO api Request completed status=201 latency=52ms
2026-08-09T14:42:39 INFO api Request completed status=201 latency=81ms
2026-08-09T14:28:28 INFO worker Job completed job_id=job-9180 duration=1072ms
2026-08-09T14:14:15 ERROR api Timeout connecting to Redis
2026-08-09T14:28:32 ERROR worker Unable to publish message to queue
2026-08-09T14:42:51 WARNING worker Queue depth above threshold depth=49
2026-08-09T14:14:18 INFO worker Job completed job_id=job-5070 duration=462ms
2026-08-09T14:14:19 DEBUG worker Queue depth=146
2026-08-09T14:14:20 ERROR api Request payload validation failed field=amount
2026-08-09T14:14:21 WARNING worker Queue depth above threshold depth=9
2026-08-09T14:14:22 INFO api Request completed status=201 latency=104ms
2026-08-09T14:14:23 INFO api Request completed status=200 latency=731ms
2026-08-09T14:28:48 DEBUG api Cache lookup completed key=user:25079
2026-08-09T14:14:25 WARNING api High latency detected latency=353ms
2026-08-09T14:28:52 WARNING api High latency detected latency=811ms
2026-08-09T14:14:27 DEBUG worker Queue depth=38
2026-08-09T14:28:56 INFO api Request completed status=200 latency=525ms
2026-08-09T14:43:27 INFO api Request completed status=200 latency=111ms
2026-08-09T14:29:00 DEBUG api Cache lookup completed key=user:64657
2026-08-09T14:14:31 ERROR api Database query timeout duration=3911ms
2026-08-09T14:43:36 ERROR worker Failed to process job job_id=job-4316
2026-08-09T14:43:39 INFO api Request completed status=200 latency=144ms
2026-08-09T14:29:08 WARNING api High latency detected latency=412ms
2026-08-09T14:43:45 WARNING worker Queue depth above threshold depth=49
2026-08-09T14:14:36 ERROR worker Unable to publish message to queue
2026-08-09T14:29:14 DEBUG worker Queue depth=143
2026-08-09T14:14:38 DEBUG api Cache lookup completed key=user:22825
2026-08-09T14:29:18 WARNING api High latency detected latency=865ms
2026-08-09T14:14:40 ERROR worker Failed to process job job_id=job-9798
2026-08-09T14:29:22 ERROR api Connection pool exhausted
2026-08-09T14:14:42 WARNING api High latency detected latency=644ms
2026-08-09T14:14:43 INFO worker Job completed job_id=job-3621 duration=300ms
2026-08-09T14:29:28 ERROR worker Unable to publish message to queue
2026-08-09T14:29:30 WARNING api High latency detected latency=503ms
2026-08-09T14:14:46 ERROR worker Job exceeded maximum retry count job_id=job-4994
2026-08-09T14:44:21 DEBUG api Cache lookup completed key=user:83816
2026-08-09T14:44:24 WARNING worker Queue depth above threshold depth=106
2026-08-09T14:14:49 WARNING worker Queue depth above threshold depth=88
2026-08-09T14:14:50 ERROR api Database query timeout duration=3960ms
2026-08-09T14:14:51 WARNING api High latency detected latency=124ms
2026-08-09T14:14:52 DEBUG api Cache lookup completed key=user:76811
2026-08-09T14:29:46 DEBUG worker Queue depth=88
2026-08-09T14:29:48 ERROR api Request payload validation failed field=currency
2026-08-09T14:29:50 ERROR api Database query timeout duration=1904ms
2026-08-09T14:14:56 WARNING api High latency detected latency=123ms
2026-08-09T14:44:51 ERROR worker Job exceeded maximum retry count job_id=job-7456
2026-08-09T14:44:54 ERROR api Upstream service returned status=503
2026-08-09T14:44:57 WARNING api High latency detected latency=281ms
2026-08-09T14:45:00 ERROR api Timeout connecting to Redis
2026-08-09T14:15:01 INFO api Request completed status=201 latency=300ms
2026-08-09T14:15:02 INFO api Request completed status=201 latency=785ms
2026-08-09T14:45:09 INFO worker Job completed job_id=job-4610 duration=1356ms
2026-08-09T14:45:12 DEBUG worker Queue depth=21
2026-08-09T14:45:15 DEBUG worker Queue depth=5
2026-08-09T14:30:12 ERROR worker Unable to publish message to queue
2026-08-09T14:30:14 DEBUG worker Queue depth=37
2026-08-09T14:15:08 INFO worker Job completed job_id=job-1503 duration=631ms
2026-08-09T14:45:27 INFO api Request completed status=200 latency=556ms
2026-08-09T14:15:10 INFO api Request completed status=201 latency=366ms
2026-08-09T14:45:33 ERROR worker Failed to process job job_id=job-7370
2026-08-09T14:30:24 ERROR api Database connection failed
2026-08-09T14:45:39 ERROR worker Failed to process job job_id=job-3536
2026-08-09T14:15:14 INFO worker Job completed job_id=job-1534 duration=992ms
2026-08-09T14:30:30 ERROR api Upstream service returned status=503
2026-08-09T14:30:32 WARNING worker Queue depth above threshold depth=121
2026-08-09T14:15:17 INFO api Request completed status=201 latency=412ms
2026-08-09T14:30:36 WARNING api High latency detected latency=798ms
2026-08-09T14:45:57 ERROR api Database connection failed
2026-08-09T14:15:20 ERROR api Database query timeout duration=3650ms
2026-08-09T14:15:21 ERROR worker Job exceeded maximum retry count job_id=job-1198
2026-08-09T14:46:06 INFO api Request completed status=200 latency=372ms
2026-08-09T14:46:09 ERROR api Authentication service unavailable
2026-08-09T14:15:24 ERROR api Upstream service returned status=503
2026-08-09T14:30:50 ERROR api Upstream service returned status=503
2026-08-09T14:15:26 INFO worker Job completed job_id=job-5644 duration=1204ms
2026-08-09T14:15:27 ERROR api Database connection failed
2026-08-09T14:46:24 ERROR api Database connection failed
2026-08-09T14:15:29 ERROR worker Failed to process job job_id=job-1498
2026-08-09T14:15:30 WARNING api High latency detected latency=178ms
2026-08-09T14:31:02 ERROR api Timeout connecting to Redis
2026-08-09T14:46:36 DEBUG worker Queue depth=113
2026-08-09T14:46:39 INFO api Request completed status=201 latency=423ms
2026-08-09T14:15:34 WARNING worker Queue depth above threshold depth=105
2026-08-09T14:15:35 ERROR worker Unable to publish message to queue
2026-08-09T14:46:48 WARNING worker Queue depth above threshold depth=102
2026-08-09T14:46:51 WARNING api High latency detected latency=856ms
2026-08-09T14:31:16 WARNING api High latency detected latency=518ms
2026-08-09T14:46:57 WARNING api High latency detected latency=121ms
2026-08-09T14:31:20 DEBUG api Cache lookup completed key=user:48632
2026-08-09T14:15:41 INFO api Request completed status=200 latency=760ms
2026-08-09T14:15:42 DEBUG api Cache lookup completed key=user:26815
2026-08-09T14:47:09 WARNING worker Queue depth above threshold depth=129
2026-08-09T14:31:28 WARNING api High latency detected latency=67ms
2026-08-09T14:47:15 ERROR worker Unable to publish message to queue
2026-08-09T14:47:18 ERROR worker Job exceeded maximum retry count job_id=job-5745
2026-08-09T14:31:34 ERROR api Timeout connecting to Redis
2026-08-09T14:15:48 DEBUG api Cache lookup completed key=user:55013
2026-08-09T14:15:49 DEBUG api Cache lookup completed key=user:35665
2026-08-09T14:47:30 ERROR worker Unable to publish message to queue
2026-08-09T14:31:42 ERROR api Request payload validation failed field=email
2026-08-09T14:31:44 INFO worker Job completed job_id=job-2232 duration=122ms
2026-08-09T14:15:53 WARNING api High latency detected latency=56ms
2026-08-09T14:31:48 INFO api Request completed status=201 latency=176ms
2026-08-09T14:47:45 DEBUG worker Queue depth=92
2026-08-09T14:31:52 DEBUG worker Queue depth=20
2026-08-09T14:15:57 WARNING worker Queue depth above threshold depth=65
2026-08-09T14:31:56 INFO worker Job completed job_id=job-8058 duration=358ms
2026-08-09T14:47:57 INFO worker Job completed job_id=job-8507 duration=311ms
2026-08-09T14:16:00 ERROR api Upstream service returned status=503
2026-08-09T14:32:02 WARNING api High latency detected latency=797ms
2026-08-09T14:16:02 DEBUG api Cache lookup completed key=user:54455
2026-08-09T14:16:03 INFO api Request completed status=201 latency=437ms
2026-08-09T14:32:08 WARNING api High latency detected latency=470ms
2026-08-09T14:16:05 ERROR api Authentication service unavailable
2026-08-09T14:32:12 DEBUG worker Queue depth=105
2026-08-09T14:32:14 ERROR api Upstream service returned status=503
2026-08-09T14:48:24 ERROR worker Failed to process job job_id=job-7952
2026-08-09T14:48:27 DEBUG worker Queue depth=60
2026-08-09T14:32:20 WARNING worker Queue depth above threshold depth=132
2026-08-09T14:32:22 INFO worker Job completed job_id=job-7402 duration=136ms
2026-08-09T14:48:36 ERROR api Database query timeout duration=5814ms
2026-08-09T14:32:26 WARNING api High latency detected latency=57ms
2026-08-09T14:16:14 ERROR api Database query timeout duration=6981ms
2026-08-09T14:48:45 WARNING worker Queue depth above threshold depth=24
2026-08-09T14:16:16 ERROR worker Failed to process job job_id=job-8960
2026-08-09T14:16:17 INFO worker Job completed job_id=job-3755 duration=577ms
2026-08-09T14:48:54 ERROR worker Failed to process job job_id=job-9010
2026-08-09T14:48:57 WARNING api High latency detected latency=194ms
2026-08-09T14:49:00 INFO api Request completed status=201 latency=810ms
2026-08-09T14:49:03 INFO api Request completed status=201 latency=639ms
2026-08-09T14:32:44 DEBUG worker Queue depth=55
2026-08-09T14:49:09 ERROR api Database query timeout duration=6106ms
2026-08-09T14:16:24 ERROR api Authentication service unavailable
2026-08-09T14:16:25 DEBUG api Cache lookup completed key=user:86321
2026-08-09T14:16:26 DEBUG api Cache lookup completed key=user:73668
2026-08-09T14:32:54 INFO api Request completed status=201 latency=105ms
2026-08-09T14:32:56 INFO api Request completed status=200 latency=296ms
2026-08-09T14:32:58 INFO api Request completed status=200 latency=259ms
2026-08-09T14:33:00 INFO api Request completed status=201 latency=733ms
2026-08-09T14:49:33 WARNING worker Queue depth above threshold depth=86
2026-08-09T14:49:36 INFO worker Job completed job_id=job-5195 duration=1362ms
2026-08-09T14:33:06 ERROR api Connection pool exhausted
2026-08-09T14:33:08 INFO worker Job completed job_id=job-6298 duration=1078ms
2026-08-09T14:33:10 ERROR api Database connection failed
2026-08-09T14:16:36 DEBUG worker Queue depth=104
2026-08-09T14:16:37 WARNING worker Queue depth above threshold depth=51
2026-08-09T14:33:16 DEBUG api Cache lookup completed key=user:60010
2026-08-09T14:33:18 WARNING api High latency detected latency=342ms
2026-08-09T14:16:40 WARNING worker Queue depth above threshold depth=24
2026-08-09T14:16:41 WARNING api High latency detected latency=336ms
2026-08-09T14:50:06 DEBUG api Cache lookup completed key=user:81672
2026-08-09T14:33:26 ERROR api Request payload validation failed field=currency
2026-08-09T14:50:12 WARNING worker Queue depth above threshold depth=17
2026-08-09T14:16:45 INFO api Request completed status=200 latency=495ms
2026-08-09T14:16:46 INFO worker Job completed job_id=job-8050 duration=687ms
2026-08-09T14:50:21 DEBUG api Cache lookup completed key=user:79219
2026-08-09T14:16:48 DEBUG worker Queue depth=26
2026-08-09T14:16:49 ERROR api Upstream service returned status=503
2026-08-09T14:33:40 ERROR worker Failed to process job job_id=job-2713
2026-08-09T14:16:51 ERROR api Authentication service unavailable
2026-08-09T14:33:44 INFO api Request completed status=200 latency=499ms
2026-08-09T14:33:46 INFO worker Job completed job_id=job-3544 duration=1280ms
2026-08-09T14:16:54 ERROR worker Failed to process job job_id=job-5669
2026-08-09T14:16:55 ERROR api Database connection failed
2026-08-09T14:16:56 WARNING worker Queue depth above threshold depth=77
2026-08-09T14:33:54 ERROR api Authentication service unavailable
2026-08-09T14:50:54 DEBUG api Cache lookup completed key=user:20356
2026-08-09T14:50:57 DEBUG api Cache lookup completed key=user:69400
2026-08-09T14:51:00 INFO api Request completed status=200 latency=554ms
2026-08-09T14:34:02 WARNING api High latency detected latency=728ms
2026-08-09T14:51:06 INFO worker Job completed job_id=job-6269 duration=515ms
2026-08-09T14:17:03 ERROR api Timeout connecting to Redis
2026-08-09T14:17:04 INFO api Request completed status=200 latency=833ms
2026-08-09T14:17:05 WARNING worker Queue depth above threshold depth=77
2026-08-09T14:17:06 INFO worker Job completed job_id=job-6502 duration=1138ms
2026-08-09T14:51:21 ERROR api Database connection failed
2026-08-09T14:17:08 INFO worker Job completed job_id=job-7895 duration=1142ms
2026-08-09T14:34:18 WARNING api High latency detected latency=34ms
2026-08-09T14:17:10 INFO api Request completed status=201 latency=342ms
2026-08-09T14:17:11 INFO worker Job completed job_id=job-8827 duration=1142ms
2026-08-09T14:51:36 WARNING api High latency detected latency=609ms
2026-08-09T14:51:39 ERROR api Upstream service returned status=503
2026-08-09T14:34:28 ERROR worker Unable to publish message to queue
2026-08-09T14:34:30 ERROR api Request payload validation failed field=currency
2026-08-09T14:51:48 ERROR api Database connection failed
2026-08-09T14:34:34 WARNING worker Queue depth above threshold depth=100
2026-08-09T14:51:54 WARNING api High latency detected latency=747ms
2026-08-09T14:17:19 ERROR worker Job exceeded maximum retry count job_id=job-5604
2026-08-09T14:52:00 INFO api Request completed status=200 latency=634ms
2026-08-09T14:34:42 INFO api Request completed status=200 latency=61ms
2026-08-09T14:17:22 INFO worker Job completed job_id=job-7744 duration=717ms
2026-08-09T14:52:09 WARNING worker Queue depth above threshold depth=108
2026-08-09T14:34:48 INFO worker Job completed job_id=job-7404 duration=218ms
2026-08-09T14:52:15 INFO api Request completed status=201 latency=836ms
2026-08-09T14:34:52 INFO api Request completed status=201 latency=164ms
2026-08-09T14:34:54 INFO worker Job completed job_id=job-4266 duration=1177ms
2026-08-09T14:17:28 DEBUG worker Queue depth=108
2026-08-09T14:17:29 ERROR api Upstream service returned status=503
2026-08-09T14:52:30 INFO api Request completed status=200 latency=297ms
2026-08-09T14:17:31 WARNING worker Queue depth above threshold depth=34
2026-08-09T14:35:04 DEBUG worker Queue depth=110
2026-08-09T14:52:39 ERROR api Authentication service unavailable
2026-08-09T14:35:08 WARNING worker Queue depth above threshold depth=21
2026-08-09T14:35:10 DEBUG api Cache lookup completed key=user:45451
2026-08-09T14:17:36 WARNING api High latency detected latency=711ms
2026-08-09T14:52:51 ERROR api Database connection failed
2026-08-09T14:35:16 ERROR api Authentication service unavailable
2026-08-09T14:17:39 ERROR api Database connection failed
2026-08-09T14:17:40 ERROR api Database query timeout duration=2422ms
2026-08-09T14:35:22 DEBUG worker Queue depth=42
2026-08-09T14:35:24 ERROR worker Unable to publish message to queue
2026-08-09T14:17:43 INFO api Request completed status=201 latency=648ms
2026-08-09T14:53:12 DEBUG api Cache lookup completed key=user:93815
2026-08-09T14:53:15 DEBUG api Cache lookup completed key=user:14639
2026-08-09T14:17:46 DEBUG api Cache lookup completed key=user:44659
2026-08-09T14:17:47 INFO api Request completed status=200 latency=395ms
2026-08-09T14:35:36 INFO worker Job completed job_id=job-5502 duration=90ms
2026-08-09T14:53:27 ERROR worker Job exceeded maximum retry count job_id=job-6540
2026-08-09T14:17:50 DEBUG worker Queue depth=49
2026-08-09T14:53:33 INFO api Request completed status=201 latency=256ms
2026-08-09T14:53:36 ERROR api Timeout connecting to Redis
2026-08-09T14:17:53 INFO api Request completed status=200 latency=796ms
2026-08-09T14:53:42 ERROR api Request payload validation failed field=currency
2026-08-09T14:35:50 DEBUG api Cache lookup completed key=user:23604
2026-08-09T14:53:48 DEBUG api Cache lookup completed key=user:82010
2026-08-09T14:17:57 ERROR worker Failed to process job job_id=job-6662
2026-08-09T14:17:58 WARNING worker Queue depth above threshold depth=58
2026-08-09T14:35:58 INFO api Request completed status=201 latency=46ms
2026-08-09T14:36:00 ERROR api Timeout connecting to Redis
2026-08-09T14:18:01 WARNING api High latency detected latency=740ms
2026-08-09T14:18:02 INFO api Request completed status=201 latency=571ms
2026-08-09T14:54:09 ERROR api Timeout connecting to Redis
2026-08-09T14:18:04 ERROR api Database connection failed
2026-08-09T14:54:15 DEBUG worker Queue depth=50
2026-08-09T14:36:12 ERROR api Database connection failed
2026-08-09T14:18:07 WARNING api High latency detected latency=706ms
2026-08-09T14:36:16 ERROR api Request payload validation failed field=email
2026-08-09T14:18:09 DEBUG worker Queue depth=45
2026-08-09T14:36:20 DEBUG worker Queue depth=19
2026-08-09T14:54:33 ERROR api Timeout connecting to Redis
2026-08-09T14:36:24 ERROR worker Failed to process job job_id=job-2628
2026-08-09T14:36:26 INFO worker Job completed job_id=job-5246 duration=1105ms
2026-08-09T14:54:42 INFO api Request completed status=200 latency=771ms
2026-08-09T14:54:45 ERROR api Connection pool exhausted
2026-08-09T14:54:48 WARNING api High latency detected latency=198ms
2026-08-09T14:54:51 INFO api Request completed status=201 latency=221ms
2026-08-09T14:18:18 INFO worker Job completed job_id=job-6149 duration=910ms
2026-08-09T14:36:38 INFO worker Job completed job_id=job-5250 duration=501ms
2026-08-09T14:55:00 ERROR api Database connection failed
2026-08-09T14:18:21 ERROR api Connection pool exhausted
2026-08-09T14:18:22 ERROR api Connection pool exhausted
2026-08-09T14:36:46 INFO api Request completed status=200 latency=164ms
2026-08-09T14:55:12 ERROR api Database connection failed
2026-08-09T14:18:25 INFO worker Job completed job_id=job-6207 duration=860ms
2026-08-09T14:36:52 ERROR api Authentication service unavailable
2026-08-09T14:55:21 INFO api Request completed status=201 latency=231ms
2026-08-09T14:55:24 INFO api Request completed status=201 latency=547ms
2026-08-09T14:18:29 INFO worker Job completed job_id=job-9216 duration=817ms
2026-08-09T14:18:30 INFO api Request completed status=201 latency=203ms
2026-08-09T14:55:33 ERROR api Database connection failed
2026-08-09T14:55:36 ERROR worker Failed to process job job_id=job-8494
2026-08-09T14:55:39 ERROR api Timeout connecting to Redis
2026-08-09T14:37:08 INFO worker Job completed job_id=job-3634 duration=515ms
2026-08-09T14:55:45 ERROR api Database connection failed
2026-08-09T14:55:48 ERROR worker Failed to process job job_id=job-6365
2026-08-09T14:55:51 ERROR worker Failed to process job job_id=job-9942
2026-08-09T14:37:16 INFO api Request completed status=201 latency=238ms
2026-08-09T14:55:57 DEBUG worker Queue depth=12
2026-08-09T14:56:00 INFO api Request completed status=200 latency=464ms
2026-08-09T14:37:22 INFO worker Job completed job_id=job-2152 duration=487ms
2026-08-09T14:18:42 ERROR api Upstream service returned status=503
2026-08-09T14:56:09 ERROR api Timeout connecting to Redis
2026-08-09T14:18:44 ERROR worker Failed to process job job_id=job-7761
2026-08-09T14:18:45 DEBUG worker Queue depth=72
2026-08-09T14:18:46 INFO worker Job completed job_id=job-2295 duration=1313ms
2026-08-09T14:37:34 DEBUG api Cache lookup completed key=user:58413
2026-08-09T14:37:36 ERROR worker Failed to process job job_id=job-9123
2026-08-09T14:18:49 INFO api Request completed status=200 latency=827ms
2026-08-09T14:37:40 WARNING worker Queue depth above threshold depth=117
2026-08-09T14:37:42 INFO api Request completed status=200 latency=793ms
2026-08-09T14:37:44 ERROR api Request payload validation failed field=email
2026-08-09T14:18:53 ERROR api Timeout connecting to Redis
2026-08-09T14:18:54 ERROR api Connection pool exhausted
2026-08-09T14:37:50 ERROR worker Unable to publish message to queue
2026-08-09T14:37:52 WARNING worker Queue depth above threshold depth=129
2026-08-09T14:18:57 DEBUG api Cache lookup completed key=user:48302
2026-08-09T14:37:56 INFO api Request completed status=201 latency=30ms
2026-08-09T14:56:57 INFO worker Job completed job_id=job-4329 duration=388ms
2026-08-09T14:57:00 INFO worker Job completed job_id=job-5224 duration=569ms
2026-08-09T14:38:02 INFO api Request completed status=201 latency=516ms
2026-08-09T14:19:02 INFO api Request completed status=200 latency=863ms
2026-08-09T14:38:06 ERROR worker Job exceeded maximum retry count job_id=job-2550
2026-08-09T14:19:04 WARNING worker Queue depth above threshold depth=32
2026-08-09T14:38:10 ERROR worker Unable to publish message to queue
2026-08-09T14:19:06 WARNING worker Queue depth above threshold depth=19
2026-08-09T14:19:07 DEBUG api Cache lookup completed key=user:77987
2026-08-09T14:19:08 DEBUG api Cache lookup completed key=user:94441
2026-08-09T14:57:27 ERROR api Database connection failed
2026-08-09T14:57:30 WARNING api High latency detected latency=434ms
2026-08-09T14:57:33 WARNING api High latency detected latency=422ms
2026-08-09T14:57:36 DEBUG worker Queue depth=19
2026-08-09T14:38:26 WARNING api High latency detected latency=756ms
2026-08-09T14:19:14 ERROR api Timeout connecting to Redis
2026-08-09T14:19:15 DEBUG api Cache lookup completed key=user:96056
2026-08-09T14:57:48 ERROR api Authentication service unavailable
2026-08-09T14:38:34 INFO api Request completed status=201 latency=539ms
2026-08-09T14:38:36 DEBUG api Cache lookup completed key=user:61567
2026-08-09T14:57:57 DEBUG api Cache lookup completed key=user:67501
2026-08-09T14:38:40 INFO worker Job completed job_id=job-5299 duration=1086ms
2026-08-09T14:58:03 ERROR api Database connection failed
2026-08-09T14:19:22 INFO api Request completed status=201 latency=377ms
2026-08-09T14:58:09 WARNING api High latency detected latency=572ms
2026-08-09T14:58:12 INFO api Request completed status=201 latency=838ms
2026-08-09T14:38:50 INFO worker Job completed job_id=job-7936 duration=571ms
2026-08-09T14:38:52 INFO api Request completed status=201 latency=227ms
2026-08-09T14:19:27 WARNING api High latency detected latency=247ms
2026-08-09T14:58:24 ERROR api Database connection failed
2026-08-09T14:58:27 INFO worker Job completed job_id=job-2969 duration=1064ms
2026-08-09T14:19:30 INFO worker Job completed job_id=job-8971 duration=1378ms
2026-08-09T14:58:33 ERROR worker Job exceeded maximum retry count job_id=job-3022
2026-08-09T14:19:32 ERROR api Connection pool exhausted
2026-08-09T14:39:06 INFO api Request completed status=201 latency=520ms
2026-08-09T14:19:34 WARNING worker Queue depth above threshold depth=14
2026-08-09T14:58:45 DEBUG api Cache lookup completed key=user:19545
2026-08-09T14:58:48 WARNING api High latency detected latency=560ms
2026-08-09T14:39:14 INFO worker Job completed job_id=job-2367 duration=691ms
2026-08-09T14:39:16 WARNING worker Queue depth above threshold depth=55
2026-08-09T14:58:57 DEBUG api Cache lookup completed key=user:36219
2026-08-09T14:39:20 INFO api Request completed status=201 latency=466ms
2026-08-09T14:39:22 ERROR worker Failed to process job job_id=job-7638
2026-08-09T14:19:42 WARNING api High latency detected latency=341ms
2026-08-09T14:39:26 DEBUG api Cache lookup completed key=user:22902
2026-08-09T14:19:44 WARNING api High latency detected latency=774ms
2026-08-09T14:39:30 WARNING worker Queue depth above threshold depth=43
2026-08-09T14:19:46 INFO api Request completed status=200 latency=183ms
2026-08-09T14:19:47 WARNING worker Queue depth above threshold depth=136
2026-08-09T14:39:36 WARNING worker Queue depth above threshold depth=142
2026-08-09T14:59:27 WARNING worker Queue depth above threshold depth=94
2026-08-09T14:19:50 ERROR worker Failed to process job job_id=job-9976
2026-08-09T14:19:51 ERROR api Timeout connecting to Redis
2026-08-09T14:59:36 WARNING worker Queue depth above threshold depth=144
2026-08-09T14:59:39 ERROR worker Job exceeded maximum retry count job_id=job-6137
2026-08-09T14:39:48 INFO worker Job completed job_id=job-7754 duration=1412ms
2026-08-09T14:39:50 ERROR api Connection pool exhausted
2026-08-09T14:19:56 ERROR worker Unable to publish message to queue
2026-08-09T14:39:54 ERROR worker Failed to process job job_id=job-6011
2026-08-09T14:59:54 DEBUG api Cache lookup completed key=user:95674
not enough fields here
2026-08-09T15:00:00 INFO api Request completed status=201 latency=306ms
2026-08-09T15:00:03 ERROR api Request payload validation failed field=email
2026-08-09T15:00:06 DEBUG worker Queue depth=6
2026-08-09T15:00:09 WARNING api High latency detected latency=522ms
2026-08-09T15:00:12 INFO api Request completed status=200 latency=495ms
2026-08-09T14:20:05 WARNING api High latency detected latency=860ms
2026-08-09T14:40:12 ERROR api Upstream service returned status=503
2026-08-09T14:40:14 INFO api Request completed status=201 latency=215ms
2026-08-09T14:40:16 INFO worker Job completed job_id=job-7068 duration=1369ms
2026-08-09T14:40:18 ERROR api Request payload validation failed field=currency
2026-08-09T14:20:10 INFO api Request completed status=201 latency=472ms
2026-08-09T14:40:22 DEBUG worker Queue depth=39
2026-08-09T14:40:24 ERROR api Authentication service unavailable
2026-08-09T14:20:13 INFO worker Job completed job_id=job-4258 duration=1167ms
2026-08-09T14:40:28 ERROR api Database query timeout duration=2768ms
2026-08-09T14:40:30 WARNING api High latency detected latency=158ms
2026-08-09T15:00:48 WARNING api High latency detected latency=408ms
2026-08-09T14:40:34 INFO api Request completed status=201 latency=764ms
2026-08-09T15:00:54 INFO worker Job completed job_id=job-4006 duration=1237ms
2026-08-09T15:00:57 WARNING api High latency detected latency=816ms
2026-08-09T14:40:40 ERROR api Timeout connecting to Redis
2026-08-09T14:20:21 INFO api Request completed status=201 latency=879ms
2026-08-09T15:01:06 INFO api Request completed status=200 latency=898ms
2026-08-09T14:20:23 ERROR api Database connection failed
2026-08-09T15:01:12 ERROR api Authentication service unavailable
2026-08-09T15:01:15 DEBUG worker Queue depth=25
2026-08-09T14:40:52 ERROR worker Failed to process job job_id=job-1892
2026-08-09T15:01:21 ERROR api Database connection failed
2026-08-09T14:20:28 INFO api Request completed status=201 latency=499ms
2026-08-09T14:40:58 DEBUG worker Queue depth=126
2026-08-09T14:20:30 INFO api Request completed status=201 latency=777ms
2026-08-09T14:41:02 ERROR api Database connection failed
2026-08-09T14:20:32 WARNING api High latency detected latency=481ms
2026-08-09T14:20:33 DEBUG worker Queue depth=79
2026-08-09T15:01:42 WARNING worker Queue depth above threshold depth=109
2026-08-09T15:01:45 INFO worker Job completed job_id=job-1746 duration=687ms
2026-08-09T14:20:36 INFO api Request completed status=200 latency=563ms
2026-08-09T14:41:14 ERROR api Database connection failed
2026-08-09T14:20:38 DEBUG worker Queue depth=112
2026-08-09T14:20:39 INFO api Request completed status=201 latency=524ms
2026-08-09T14:41:20 INFO worker Job completed job_id=job-6463 duration=489ms
2026-08-09T15:02:03 ERROR api Upstream service returned status=503
2026-08-09T15:02:06 INFO api Request completed status=201 latency=313ms
2026-08-09T14:20:43 INFO api Request completed status=201 latency=86ms
2026-08-09T14:20:44 WARNING worker Queue depth above threshold depth=42
2026-08-09T14:41:30 INFO api Request completed status=201 latency=162ms
2026-08-09T14:41:32 WARNING worker Queue depth above threshold depth=11
2026-08-09T14:20:47 ERROR api Authentication service unavailable
2026-08-09T15:02:24 DEBUG api Cache lookup completed key=user:61572
2026-08-09T14:20:49 ERROR api Upstream service returned status=503
2026-08-09T14:41:40 DEBUG worker Queue depth=126
2026-08-09T14:20:51 ERROR api Timeout connecting to Redis
2026-08-09T15:02:36 ERROR api Request payload validation failed field=amount
2026-08-09T14:20:53 INFO worker Job completed job_id=job-9312 duration=490ms
2026-08-09T14:41:48 WARNING api High latency detected latency=494ms
2026-08-09T15:02:45 INFO worker Job completed job_id=job-3152 duration=680ms
2026-08-09T14:20:56 INFO worker Job completed job_id=job-8041 duration=1100ms
2026-08-09T14:20:57 WARNING api High latency detected latency=203ms
2026-08-09T14:41:56 INFO api Request completed status=200 latency=403ms
2026-08-09T14:20:59 DEBUG api Cache lookup completed key=user:44403
2026-08-09T14:21:00 INFO api Request completed status=201 latency=329ms
2026-08-09T14:21:01 WARNING worker Queue depth above threshold depth=79
2026-08-09T15:03:06 ERROR api Database connection failed
2026-08-09T15:03:09 INFO api Request completed status=200 latency=113ms
2026-08-09T14:21:04 INFO worker Job completed job_id=job-2148 duration=705ms
2026-08-09T14:21:05 INFO worker Job completed job_id=job-1216 duration=298ms
2026-08-09T14:42:12 INFO worker Job completed job_id=job-2654 duration=981ms
2026-08-09T14:42:14 WARNING api High latency detected latency=705ms
2026-08-09T15:03:24 INFO api Request completed status=200 latency=853ms
2026-08-09T14:21:09 ERROR worker Failed to process job job_id=job-3690
2026-08-09T14:42:20 WARNING api High latency detected latency=697ms
2026-08-09T14:42:22 INFO worker Job completed job_id=job-2940 duration=903ms
2026-08-09T15:03:36 WARNING api High latency detected latency=493ms
2026-08-09T14:21:13 DEBUG worker Queue depth=67
2026-08-09T15:03:42 DEBUG api Cache lookup completed key=user:49379
2026-08-09T15:03:45 WARNING api High latency detected latency=577ms
2026-08-09T14:21:16 WARNING api High latency detected latency=665ms
2026-08-09T14:42:34 WARNING api High latency detected latency=646ms
2026-08-09T15:03:54 DEBUG worker Queue depth=80
2026-08-09T14:42:38 WARNING worker Queue depth above threshold depth=45
2026-08-09T14:42:40 INFO api Request completed status=201 latency=774ms
2026-08-09T14:21:21 ERROR api Authentication service unavailable
2026-08-09T14:42:44 DEBUG api Cache lookup completed key=user:17886
2026-08-09T14:42:46 DEBUG worker Queue depth=102
2026-08-09T14:42:48 INFO api Request completed status=201 latency=799ms
2026-08-09T15:04:15 DEBUG api Cache lookup completed key=user:55499
2026-08-09T14:21:26 DEBUG worker Queue depth=126
2026-08-09T15:04:21 ERROR api Connection pool exhausted
2026-08-09T14:42:56 INFO worker Job completed job_id=job-4669 duration=350ms
2026-08-09T14:21:29 DEBUG api Cache lookup completed key=user:88531
2026-08-09T14:43:00 ERROR api Authentication service unavailable
2026-08-09T14:21:31 DEBUG worker Queue depth=83
2026-08-09T14:43:04 INFO api Request completed status=201 latency=244ms
2026-08-09T15:04:39 WARNING api High latency detected latency=748ms
2026-08-09T14:21:34 WARNING worker Queue depth above threshold depth=99
2026-08-09T14:43:10 INFO worker Job completed job_id=job-4572 duration=303ms
2026-08-09T14:21:36 INFO worker Job completed job_id=job-6436 duration=1452ms
2026-08-09T15:04:51 INFO api Request completed status=201 latency=800ms
2026-08-09T14:21:38 ERROR api Connection pool exhausted
2026-08-09T14:43:18 DEBUG api Cache lookup completed key=user:86114
2026-08-09T14:43:20 DEBUG api Cache lookup completed key=user:58386
2026-08-09T15:05:03 DEBUG api Cache lookup completed key=user:32496
2026-08-09T14:21:42 INFO worker Job completed job_id=job-8097 duration=993ms
2026-08-09T14:21:43 ERROR api Upstream service returned status=503
2026-08-09T15:05:12 WARNING worker Queue depth above threshold depth=10
2026-08-09T14:21:45 WARNING worker Queue depth above threshold depth=100
2026-08-09T14:21:46 WARNING worker Queue depth above threshold depth=54
2026-08-09T15:05:21 INFO worker Job completed job_id=job-2715 duration=954ms
2026-08-09T14:43:36 DEBUG api Cache lookup completed key=user:47368
2026-08-09T14:43:38 DEBUG api Cache lookup completed key=user:53199
2026-08-09T15:05:30 INFO api Request completed status=200 latency=105ms
2026-08-09T15:05:33 DEBUG worker Queue depth=127
2026-08-09T14:43:44 DEBUG worker Queue depth=147
2026-08-09T14:21:53 INFO api Request completed status=200 latency=601ms
2026-08-09T14:21:54 INFO api Request completed status=200 latency=739ms
2026-08-09T14:21:55 DEBUG worker Queue depth=57
2026-08-09T14:21:56 INFO api Request completed status=201 latency=118ms
2026-08-09T14:21:57 ERROR api Upstream service returned status=503
2026-08-09T14:43:56 ERROR worker Failed to process job job_id=job-7016
2026-08-09T15:05:57 DEBUG api Cache lookup completed key=user:25071
2026-08-09T14:22:00 ERROR api Upstream service returned status=503
2026-08-09T14:22:01 INFO api Request completed status=201 latency=274ms
2026-08-09T14:44:04 INFO api Request completed status=200 latency=861ms
2026-08-09T14:22:03 WARNING worker Queue depth above threshold depth=45
2026-08-09T14:22:04 ERROR api Database query timeout duration=3041ms
2026-08-09T14:22:05 DEBUG api Cache lookup completed key=user:16222
2026-08-09T15:06:18 DEBUG api Cache lookup completed key=user:47389
2026-08-09T14:22:07 INFO api Request completed status=200 latency=475ms
2026-08-09T15:06:24 DEBUG api Cache lookup completed key=user:33709
2026-08-09T15:06:27 ERROR worker Failed to process job job_id=job-6231
2026-08-09T14:44:20 ERROR worker Failed to process job job_id=job-4429
2026-08-09T14:22:11 ERROR api Database connection failed
2026-08-09T14:44:24 INFO api Request completed status=200 latency=218ms
2026-08-09T14:44:26 ERROR api Database query timeout duration=3912ms
2026-08-09T14:44:28 DEBUG api Cache lookup completed key=user:77715
2026-08-09T15:06:45 INFO worker Job completed job_id=job-9146 duration=170ms
2026-08-09T15:06:48 DEBUG api Cache lookup completed key=user:77413
2026-08-09T14:22:17 DEBUG api Cache lookup completed key=user:42960
2026-08-09T14:22:18 INFO api Request completed status=200 latency=222ms
2026-08-09T14:44:38 DEBUG worker Queue depth=122
2026-08-09T14:44:40 INFO api Request completed status=201 latency=761ms
2026-08-09T14:44:42 DEBUG worker Queue depth=34
2026-08-09T14:44:44 ERROR worker Job exceeded maximum retry count job_id=job-1440
2026-08-09T15:07:09 INFO worker Job completed job_id=job-8255 duration=403ms
2026-08-09T14:22:24 INFO api Request completed status=201 latency=317ms
2026-08-09T14:22:25 WARNING api High latency detected latency=431ms
2026-08-09T14:44:52 ERROR api Timeout connecting to Redis
2026-08-09T14:22:27 DEBUG api Cache lookup completed key=user:73112
2026-08-09T14:22:28 INFO api Request completed status=200 latency=338ms
2026-08-09T14:44:58 ERROR api Database connection failed
2026-08-09T14:45:00 INFO api Request completed status=200 latency=239ms
2026-08-09T15:07:33 DEBUG worker Queue depth=130
2026-08-09T14:22:32 ERROR api Connection pool exhausted
2026-08-09T14:22:33 DEBUG api Cache lookup completed key=user:72111
2026-08-09T14:22:34 DEBUG worker Queue depth=85
2026-08-09T14:22:35 ERROR worker Job exceeded maximum retry count job_id=job-8817
2026-08-09T14:45:12 ERROR worker Failed to process job job_id=job-3984
2026-08-09T14:22:37 WARNING api High latency detected latency=299ms
2026-08-09T14:22:38 INFO api Request completed status=201 latency=713ms
2026-08-09T14:45:18 ERROR api Authentication service unavailable
2026-08-09T14:45:20 ERROR api Upstream service returned status=503
2026-08-09T15:08:03 ERROR api Request payload validation failed field=amount
2026-08-09T14:22:42 INFO api Request completed status=200 latency=666ms
2026-08-09T14:22:43 WARNING api High latency detected latency=166ms
2026-08-09T14:45:28 INFO api Request completed status=200 latency=898ms
2026-08-09T14:22:45 INFO worker Job completed job_id=job-5062 duration=1442ms
2026-08-09T14:22:46 INFO api Request completed status=201 latency=567ms
2026-08-09T14:22:47 DEBUG api Cache lookup completed key=user:48735
2026-08-09T14:22:48 ERROR api Connection pool exhausted
2026-08-09T14:22:49 INFO api Request completed status=201 latency=846ms
2026-08-09T15:08:30 INFO worker Job completed job_id=job-3791 duration=543ms
2026-08-09T14:22:51 INFO api Request completed status=200 latency=429ms
2026-08-09T15:08:36 INFO worker Job completed job_id=job-1952 duration=1020ms
2026-08-09T14:22:53 INFO api Request completed status=201 latency=57ms
2026-08-09T14:45:48 ERROR api Upstream service returned status=503
2026-08-09T14:45:50 INFO api Request completed status=201 latency=832ms
2026-08-09T15:08:48 INFO api Request completed status=200 latency=453ms
2026-08-09T14:22:57 DEBUG api Cache lookup completed key=user:45373
2026-08-09T15:08:54 ERROR api Request payload validation failed field=currency
2026-08-09T14:45:58 WARNING worker Queue depth above threshold depth=63
2026-08-09T15:09:00 INFO api Request completed status=200 latency=827ms
2026-08-09T14:46:02 INFO api Request completed status=200 latency=171ms
2026-08-09T15:09:06 WARNING api High latency detected latency=642ms
2026-08-09T14:46:06 WARNING worker Queue depth above threshold depth=64
2026-08-09T14:23:04 DEBUG api Cache lookup completed key=user:89320
2026-08-09T14:46:10 ERROR worker Failed to process job job_id=job-1194
2026-08-09T14:46:12 WARNING api High latency detected latency=502ms
2026-08-09T14:23:07 INFO worker Job completed job_id=job-3499 duration=167ms
2026-08-09T14:46:16 ERROR api Timeout connecting to Redis
2026-08-09T14:46:18 INFO worker Job completed job_id=job-8431 duration=269ms
2026-08-09T15:09:30 ERROR api Authentication service unavailable
2026-08-09T14:23:11 DEBUG api Cache lookup completed key=user:41337
2026-08-09T14:46:24 ERROR api Authentication service unavailable
2026-08-09T14:46:26 WARNING worker Queue depth above threshold depth=52
2026-08-09T14:23:14 ERROR worker Failed to process job job_id=job-4338
2026-08-09T14:23:15 INFO api Request completed status=201 latency=258ms
2026-08-09T14:23:16 DEBUG api Cache lookup completed key=user:72534
2026-08-09T14:23:17 INFO worker Job completed job_id=job-5307 duration=137ms
2026-08-09T14:23:18 DEBUG worker Queue depth=86
2026-08-09T15:09:57 INFO api Request completed status=201 latency=869ms
2026-08-09T15:10:00 WARNING worker Queue depth above threshold depth=75
2026-08-09T14:23:21 ERROR api Authentication service unavailable
2026-08-09T15:10:06 ERROR worker Job exceeded maximum retry count job_id=job-9341
2026-08-09T15:10:09 WARNING worker Queue depth above threshold depth=116
2026-08-09T14:46:48 INFO worker Job completed job_id=job-1979 duration=935ms
2026-08-09T14:23:25 INFO api Request completed status=200 latency=420ms
2026-08-09T14:46:52 DEBUG api Cache lookup completed key=user:96791
2026-08-09T15:10:21 ERROR api Database query timeout duration=6087ms
2026-08-09T14:23:28 ERROR api Authentication service unavailable
2026-08-09T14:46:58 DEBUG api Cache lookup completed key=user:12061
2026-08-09T15:10:30 DEBUG worker Queue depth=89
2026-08-09T15:10:33 WARNING api High latency detected latency=143ms
2026-08-09T15:10:36 WARNING worker Queue depth above threshold depth=90
2026-08-09T14:23:33 DEBUG api Cache lookup completed key=user:44345
2026-08-09T14:23:34 WARNING api High latency detected latency=269ms
2026-08-09T14:47:10 ERROR api Connection pool exhausted
2026-08-09T14:23:36 ERROR api Request payload validation failed field=amount
2026-08-09T14:23:37 ERROR worker Failed to process job job_id=job-2680
2026-08-09T14:47:16 WARNING api High latency detected latency=286ms
2026-08-09T14:47:18 ERROR api Upstream service returned status=503
2026-08-09T14:23:40 WARNING api High latency detected latency=48ms
2026-08-09T14:47:22 ERROR worker Job exceeded maximum retry count job_id=job-5119
2026-08-09T15:11:06 WARNING api High latency detected latency=608ms
2026-08-09T14:23:43 ERROR api Request payload validation failed field=amount
2026-08-09T14:47:28 WARNING worker Queue depth above threshold depth=137
2026-08-09T14:23:45 INFO worker Job completed job_id=job-8733 duration=1106ms
2026-08-09T14:23:46 WARNING api High latency detected latency=892ms
2026-08-09T15:11:21 ERROR api Request payload validation failed field=currency
2026-08-09T14:47:36 DEBUG api Cache lookup completed key=user:85199
2026-08-09T14:47:38 WARNING worker Queue depth above threshold depth=92
2026-08-09T14:23:50 INFO api Request completed status=201 latency=372ms
2026-08-09T15:11:33 ERROR api Upstream service returned status=503
2026-08-09T15:11:36 INFO api Request completed status=200 latency=768ms
2026-08-09T14:23:53 WARNING api High latency detected latency=856ms
2026-08-09T15:11:42 DEBUG worker Queue depth=86
2026-08-09T15:11:45 DEBUG worker Queue depth=34
2026-08-09T14:23:56 INFO worker Job completed job_id=job-7697 duration=137ms
2026-08-09T14:47:54 ERROR api Database connection failed
2026-08-09T14:23:58 INFO api Request completed status=200 latency=284ms
2026-08-09T14:23:59 ERROR api Authentication service unavailable
2026-08-09T15:12:00 INFO worker Job completed job_id=job-5222 duration=1288ms
2026-08-09T14:48:02 WARNING worker Queue depth above threshold depth=33
2026-08-09T14:48:04 INFO worker Job completed job_id=job-1090 duration=738ms
2026-08-09T14:48:06 INFO api Request completed status=201 latency=75ms
2026-08-09T14:24:04 ERROR api Request payload validation failed field=amount
2026-08-09T15:12:15 INFO api Request completed status=201 latency=544ms
2026-08-09T14:24:06 ERROR api Request payload validation failed field=currency
2026-08-09T15:12:21 INFO worker Job completed job_id=job-8631 duration=1273ms
2026-08-09T14:48:16 DEBUG api Cache lookup completed key=user:88694
2026-08-09T15:12:27 ERROR api Database connection failed
2026-08-09T15:00:00 ERROR
2026-08-09T14:48:22 ERROR worker Failed to process job job_id=job-8149
2026-08-09T14:48:24 WARNING api High latency detected latency=283ms
2026-08-09T14:48:26 INFO worker Job completed job_id=job-2719 duration=723ms
2026-08-09T15:12:42 WARNING worker Queue depth above threshold depth=105
2026-08-09T15:12:45 ERROR worker Job exceeded maximum retry count job_id=job-4525
2026-08-09T14:48:32 DEBUG api Cache lookup completed key=user:69455
2026-08-09T15:12:51 ERROR worker Unable to publish message to queue
2026-08-09T14:48:36 INFO worker Job completed job_id=job-1503 duration=1010ms
2026-08-09T14:24:19 INFO api Request completed status=200 latency=137ms
2026-08-09T14:24:20 ERROR worker Unable to publish message to queue
2026-08-09T14:24:21 INFO api Request completed status=200 latency=310ms
2026-08-09T15:13:06 INFO worker Job completed job_id=job-3199 duration=552ms
2026-08-09T15:13:09 DEBUG api Cache lookup completed key=user:26380
2026-08-09T15:13:12 DEBUG api Cache lookup completed key=user:50050
2026-08-09T14:48:50 WARNING worker Queue depth above threshold depth=121
2026-08-09T15:13:18 INFO worker Job completed job_id=job-4381 duration=433ms
2026-08-09T14:24:27 DEBUG api Cache lookup completed key=user:85282
2026-08-09T14:48:56 INFO worker Job completed job_id=job-6245 duration=1051ms
2026-08-09T15:13:27 WARNING api High latency detected latency=82ms
2026-08-09T15:13:30 DEBUG api Cache lookup completed key=user:31392
2026-08-09T15:13:33 INFO api Request completed status=201 latency=116ms
2026-08-09T15:13:36 INFO worker Job completed job_id=job-4568 duration=1335ms
2026-08-09T15:13:39 INFO api Request completed status=200 latency=397ms
2026-08-09T14:24:34 DEBUG api Cache lookup completed key=user:24240
2026-08-09T14:49:10 ERROR api Timeout connecting to Redis
2026-08-09T15:13:48 WARNING api High latency detected latency=392ms
2026-08-09T14:49:14 ERROR worker Unable to publish message to queue
2026-08-09T15:13:54 INFO api Request completed status=201 latency=123ms
2026-08-09T15:13:57 ERROR api Database connection failed
2026-08-09T14:49:20 WARNING api High latency detected latency=259ms
2026-08-09T15:14:03 INFO api Request completed status=200 latency=745ms
2026-08-09T14:24:42 ERROR api Database connection failed
2026-08-09T15:14:09 INFO api Request completed status=201 latency=327ms
2026-08-09T15:14:12 INFO api Request completed status=200 latency=712ms
2026-08-09T15:14:15 ERROR worker Unable to publish message to queue
2026-08-09T14:49:32 ERROR api Authentication service unavailable
2026-08-09T15:14:21 WARNING api High latency detected latency=732ms
2026-08-09T15:14:24 WARNING api High latency detected latency=51ms
2026-08-09T15:14:27 ERROR api Database connection failed
2026-08-09T15:14:30 WARNING api High latency detected latency=769ms
2026-08-09T14:49:42 DEBUG api Cache lookup completed key=user:94094
2026-08-09T14:24:52 INFO worker Job completed job_id=job-6799 duration=807ms
2026-08-09T14:49:46 INFO worker Job completed job_id=job-7288 duration=685ms
2026-08-09T15:14:42 ERROR api Database connection failed
2026-08-09T14:49:50 WARNING worker Queue depth above threshold depth=135
2026-08-09T14:49:52 WARNING api High latency detected latency=395ms
2026-08-09T14:24:57 ERROR worker Failed to process job job_id=job-3693
2026-08-09T14:24:58 ERROR worker Failed to process job job_id=job-6584
2026-08-09T15:14:57 INFO api Request completed status=201 latency=122ms
